"lon","lat","id"
147.113418579102,-19.1378974914551,1553
147.271545410156,-19.1768207550049,1554
147.420181274414,-19.2441139221191,1555
147.552627563477,-19.3425121307373,1556
147.614273071289,-19.3938846588135,1557
147.657302856445,-19.503116607666,1558
147.751434326172,-19.62744140625,1559
147.905944824219,-19.69970703125,1560
147.996429443359,-19.7929134368896,1561
147.090866088867,-18.1377925872803,1341.1
147.236221313477,-18.2264556884766,1342.1
147.400268554688,-18.2654762268066,1343.1
147.380432128906,-18.3472957611084,1344.1
147.565933227539,-18.3698654174805,1345.1
147.733062744141,-18.4345893859863,1346.1
147.873565673828,-18.5501384735107,1347.1
147.996643066406,-18.6796703338623,1348.1
147.432571411133,-18.0901679992676,1481.2
147.604309082031,-18.1387958526611,1482.2
147.775985717773,-18.1892261505127,1483.2
147.887054443359,-18.2643413543701,1484.2
147.212341308594,-18.220796585083,4137.3
147.450958251953,-18.3580074310303,4138.3
147.859558105469,-18.5314273834229,4139.3
147.66667175293,-19,1987.5
147.33332824707,-18.6666660308838,2025.5
147.66667175293,-18.6666660308838,2026.5
147.33332824707,-18.3333339691162,2066.5
147.66667175293,-18.3333339691162,2067.5
147.96760559082,-17.3185214996338,635.2
147.797348022461,-17.281436920166,636.2
147.806137084961,-17.1342163085938,637.2
147.85578918457,-17.0264453887939,638.2
147.081680297852,-17.703296661377,1478.2
147.20915222168,-17.835090637207,1479.2
147.340042114258,-17.9596099853516,1480.2
147.33332824707,-18,2113.5
147.66667175293,-18,2114.5
147.33332824707,-17.6666660308838,2158.5
147.66667175293,-17.6666660308838,2159.5
147.33332824707,-17.3333339691162,2198.5
147.66667175293,-17.3333339691162,2199.5
148.5986328125,-20.0201053619385,1565
148.735855102539,-20.1226177215576,1566
148.831695556641,-20.0850410461426,1567
149.03923034668,-20.1393165588379,1569
149.113464355469,-20.2865810394287,1570
149.130630493164,-20.4092197418213,1571
149.212295532227,-20.5655250549316,1572
149.272613525391,-20.6858558654785,1573
149.349655151367,-20.8409328460693,1574
149.478302001953,-20.9257907867432,1575
149.341598510742,-20.9620666503906,1576
149.355407714844,-21.0923366546631,1577
149.452926635742,-21.1409149169922,1578
149.538238525391,-21.2600936889648,1579
149.641799926758,-21.3035125732422,1580
149.670532226562,-21.3741054534912,1581
149.761505126953,-21.4052639007568,1582
149.751525878906,-21.5046138763428,1583
149.828125,-21.4683017730713,1584
149.879623413086,-21.4215240478516,1585
149.995758056641,-21.5403633117676,1586
149.33332824707,-20.3333339691162,1862.5
149.66667175293,-20.3333339691162,1863.5
148.162475585938,-19.8587265014648,1562
148.327758789062,-19.9383106231689,1563
148.468109130859,-19.9062938690186,1564
148.959686279297,-19.9979095458984,1568
148.151290893555,-18.7740898132324,1349.1
148.321472167969,-18.843822479248,1350.1
148.470062255859,-18.9414615631104,1351.1
148.637145996094,-18.9918613433838,1352.1
148.809417724609,-19.030834197998,1353.1
148.978317260742,-19.0773830413818,1354.1
149.155426025391,-19.1294479370117,1355.1
149.325531005859,-19.2085380554199,1356.1
149.494445800781,-19.285177230835,1357.1
149.660064697266,-19.3689441680908,1358.1
149.780990600586,-19.5024375915527,1359.1
149.856033325195,-19.6460437774658,1360.1
149.928115844727,-19.7995452880859,1361.1
149.989349365234,-19.9571876525879,1362.1
149.935317993164,-18.1453742980957,617.2
149.810195922852,-18.1686954498291,618.2
149.6416015625,-18.1674003601074,619.2
149.474395751953,-18.162223815918,620.2
149.306747436523,-18.1261825561523,621.2
149.137008666992,-18.0574283599854,622.2
148.854873657227,-18.0273094177246,624.2
148.061553955078,-18.3001747131348,1485.2
148.223861694336,-18.3179397583008,1486.2
148.393829345703,-18.3787212371826,1487.2
148.561813354492,-18.4509506225586,1488.2
148.731964111328,-18.5176105499268,1489.2
148.916091918945,-18.5526485443115,1490.2
149.097946166992,-18.5983257293701,1491.2
149.275924682617,-18.6150569915771,1492.2
149.453079223633,-18.5975189208984,1493.2
149.620162963867,-18.6609477996826,1494.2
149.80549621582,-18.667896270752,1495.2
149.983245849609,-18.7074871063232,1496.2
148.215835571289,-18.8059406280518,4140.3
148.620101928711,-18.9749240875244,4141.3
149.035827636719,-19.0847434997559,4142.3
149.461929321289,-19.2721672058105,4143.3
149.808380126953,-19.5474491119385,4144.3
149.983047485352,-19.9329891204834,4145.3
149,-20,1889.5
149.33332824707,-20,1890.5
149.66667175293,-20,1891.5
148.66667175293,-19.6666660308838,1919.5
149,-19.6666660308838,1920.5
148.33332824707,-19.3333339691162,1952.5
148.66667175293,-19.3333339691162,1953.5
149.33332824707,-19.3333339691162,1954.5
149.66667175293,-19.3333339691162,1955.5
148,-19,1988.5
148.66667175293,-19,1989.5
149,-19,1990.5
149.33332824707,-19,1991.5
149.66667175293,-19,1992.5
148,-18.6666660308838,2027.5
148.33332824707,-18.6666660308838,2028.5
148.66667175293,-18.6666660308838,2029.5
149,-18.6666660308838,2030.5
149.33332824707,-18.6666660308838,2031.5
149.66667175293,-18.6666660308838,2032.5
148,-18.3333339691162,2068.5
148.33332824707,-18.3333339691162,2069.5
148.66667175293,-18.3333339691162,2070.5
149,-18.3333339691162,2071.5
149.33332824707,-18.3333339691162,2072.5
149.66667175293,-18.3333339691162,2073.5
149.172622680664,-17.0598335266113,957
148.406890869141,-17.3607730865479,972
148.465270996094,-17.2621269226074,973
148.520004272461,-17.3621807098389,974
149.172622680664,-17.1764183044434,730.1
149.028701782227,-17.1323699951172,731.1
149.305145263672,-17.0948390960693,737.1
149.936019897461,-17.2706890106201,740.1
149.808837890625,-17.2030410766602,741.1
149.688537597656,-17.1152019500732,742.1
149.727722167969,-17.0710983276367,743.1
148.461166381836,-17.7274398803711,767.1
148.353134155273,-17.658935546875,768.1
148.288681030273,-17.5042667388916,769.1
148.290496826172,-17.3493671417236,770.1
148.332931518555,-17.2018451690674,771.1
148.485778808594,-17.1585235595703,772.1
148.621536254883,-17.244312286377,773.1
148.632476806641,-17.3996448516846,774.1
148.500106811523,-17.4940032958984,775.1
148.592620849609,-17.6225681304932,776.1
148.982543945312,-17.9691047668457,623.2
148.71272277832,-17.9247436523438,625.2
148.587600708008,-17.9360618591309,626.2
148.442962646484,-17.8893947601318,627.2
148.313385009766,-17.7744464874268,628.2
148.258224487305,-17.6120433807373,629.2
148.2451171875,-17.4355182647705,630.2
148.18717956543,-17.3681392669678,631.2
148.28532409668,-17.2581100463867,632.2
148.255004882812,-17.1965675354004,633.2
148.121887207031,-17.2503757476807,634.2
148.002487182617,-17.0101146697998,639.2
148.163635253906,-17.082706451416,640.2
148.270751953125,-17.1155376434326,641.2
149.158340454102,-17.1573085784912,3167.3
149.941665649414,-17.2739124298096,3171.3
149.673400878906,-17.0566024780273,3172.3
148.475006103516,-17.8907585144043,3195.3
148.321548461914,-17.6126117706299,3196.3
148.309677124023,-17.2393054962158,3197.3
148.640396118164,-17.2747669219971,3198.3
148.568313598633,-17.5769577026367,3199.3
148,-18,2115.5
148.33332824707,-18,2116.5
148.66667175293,-18,2117.5
149,-18,2118.5
149.33332824707,-18,2119.5
149.66667175293,-18,2120.5
148,-17.6666660308838,2160.5
148.33332824707,-17.6666660308838,2161.5
148.66667175293,-17.6666660308838,2162.5
149,-17.6666660308838,2163.5
149.33332824707,-17.6666660308838,2164.5
149.66667175293,-17.6666660308838,2165.5
148,-17.3333339691162,2200.5
148.33332824707,-17.3333339691162,2201.5
148.66667175293,-17.3333339691162,2202.5
149,-17.3333339691162,2203.5
149.33332824707,-17.3333339691162,2204.5
149.66667175293,-17.3333339691162,2205.5
151.950378417969,-24.1218738555908,1616
150.316528320312,-22.0694274902344,1595
150.204650878906,-22.0455703735352,1596
150.268493652344,-22.1064739227295,1597
150.382965087891,-22.1941089630127,1598
150.533065795898,-22.1545829772949,1599
150.65153503418,-22.2730503082275,1600
150.775375366211,-22.3802318572998,1601
150.839279174805,-22.5376205444336,1602
150.889251708984,-22.7001552581787,1603
150.923416137695,-22.8622722625732,1604
151.033248901367,-23.0100326538086,1605
151.180465698242,-23.1141948699951,1606
151.203277587891,-23.2831954956055,1607
151.25602722168,-23.4277153015137,1608
151.332748413086,-23.5730457305908,1609
151.441970825195,-23.6632862091064,1610
151.425476074219,-23.7162647247314,1611
151.52278137207,-23.741024017334,1612
151.516738891602,-23.8272743225098,1613
151.663116455078,-23.9107780456543,1614
151.820739746094,-23.9921684265137,1615
151.33332824707,-22.6666660308838,1709.5
151.66667175293,-22.6666660308838,1710.5
151,-22.3333339691162,1733.5
151.33332824707,-22.3333339691162,1734.5
151.66667175293,-22.3333339691162,1735.5
151.939407348633,-20.90207862854,1108
151.956024169922,-21.2607727050781,1146
151.672622680664,-21.5441055297852,1163
151.572662353516,-21.4308261871338,1164
151.579467773438,-21.3714904785156,1165
151.440032958984,-21.4506378173828,1166
151.287139892578,-21.4159870147705,1167
151.30712890625,-21.3230571746826,1168
151.405334472656,-21.3832035064697,1169
151.489318847656,-21.3037929534912,1170
151.555969238281,-21.1604061126709,1171
151.492584228516,-21.0846252441406,1172
151.435775756836,-21.0626926422119,1173
151.325546264648,-21.0332679748535,1174
151.217407226562,-20.9772491455078,1175
151.180755615234,-20.8914203643799,1176
151.089859008789,-20.9166965484619,1177
150.970275878906,-20.9183750152588,1178
150.989715576172,-20.828052520752,1179
150.89176940918,-20.8007621765137,1180
150.805770874023,-20.6790943145752,1181
150.776702880859,-20.6911582946777,1182
150.772598266602,-20.5665321350098,1183
150.832000732422,-20.5486164093018,1184
150.973358154297,-20.64306640625,1185
151.08528137207,-20.6760330200195,1186
151.182739257812,-20.779748916626,1187
151.322631835938,-20.8526477813721,1188
151.428314208984,-20.9069118499756,1189
151.562164306641,-20.9946460723877,1190
151.7138671875,-21.0108737945557,1191
151.839202880859,-21.1083946228027,1192
151.828414916992,-21.238260269165,1193
151.726531982422,-21.306812286377,1194
151.76936340332,-21.4306526184082,1195
151.904754638672,-21.8941059112549,1212
151.860443115234,-21.7729892730713,1213
151.839233398438,-21.7270660400391,1214
151.740493774414,-21.8106784820557,1215
151.688339233398,-21.6640815734863,1216
151.755569458008,-21.6072216033936,1217
151.778335571289,-21.4775066375732,1218
151.772689819336,-21.3521385192871,1219
151.883438110352,-21.304988861084,1220
151.972564697266,-21.4007244110107,1221
151.972610473633,-21.5170726776123,1222
151.972564697266,-21.5767784118652,1223
151.869354248047,-21.5440425872803,1224
151.883041381836,-21.6504287719727,1225
151.998886108398,-21.7847557067871,1227
151.972717285156,-21.9414386749268,1252
150.076202392578,-21.4349632263184,1587
150.255157470703,-21.410774230957,1588
150.398498535156,-21.5174694061279,1589
150.486251831055,-21.6749877929688,1590
150.545486450195,-21.8447532653809,1591
150.717300415039,-21.8966541290283,1592
150.651184082031,-21.9944248199463,1593
150.465759277344,-21.9940872192383,1594
150.04719543457,-20.1064739227295,1363.1
150.158416748047,-20.356330871582,1364.1
150.240646362305,-20.4926795959473,1365.1
150.420761108398,-20.4940452575684,1366.1
150.716445922852,-20.5877876281738,1367.1
150.834243774414,-20.4824066162109,1368.1
150.953582763672,-20.3464527130127,1369.1
151.056228637695,-20.4097442626953,1370.1
151.15641784668,-20.550500869751,1371.1
151.290374755859,-20.673469543457,1372.1
151.414184570312,-20.8035507202148,1373.1
151.567916870117,-20.8923568725586,1374.1
151.737594604492,-20.909215927124,1375.1
151.822845458984,-20.8470611572266,1376.1
151.955871582031,-20.7443351745605,1377.1
150.091842651367,-20.2679595947266,4146.3
150.327896118164,-20.4915790557861,4147.3
150.718078613281,-20.5650787353516,4148.3
150.932220458984,-20.3010902404785,4149.3
151.213317871094,-20.5993232727051,4150.3
151.547897338867,-20.8896350860596,4151.3
151.915542602539,-20.8683090209961,4152.3
151,-22,1755.5
151.33332824707,-22,1756.5
151.66667175293,-22,1757.5
150.66667175293,-21.6666660308838,1775.5
151,-21.6666660308838,1776.5
151.33332824707,-21.6666660308838,1777.5
150.66667175293,-21.3333339691162,1797.5
151,-21.3333339691162,1798.5
150,-21,1820.5
150.66667175293,-21,1821.5
151,-21,1822.5
151.66667175293,-21,1823.5
150.66667175293,-20.6666660308838,1841.5
151.33332824707,-20.6666660308838,1842.5
151.66667175293,-20.6666660308838,1843.5
150.33332824707,-20.3333339691162,1864.5
151,-20.3333339691162,1865.5
151.33332824707,-20.3333339691162,1866.5
151.66667175293,-20.3333339691162,1867.5
150.072616577148,-18.1598205566406,616.2
150.608108520508,-18.0088214874268,719.2
150.273635864258,-18.0249671936035,721.2
150.249465942383,-18.1062870025635,722.2
150.159088134766,-18.7422332763672,1497.2
150.309555053711,-18.8447818756104,1498.2
150.478942871094,-18.9176635742188,1499.2
150.641174316406,-18.9195346832275,1500.2
150.778961181641,-18.9604206085205,1501.2
150.95866394043,-18.9569778442383,1502.2
151.138046264648,-18.9931144714355,1503.2
151.313522338867,-18.9574203491211,1504.2
151.497741699219,-18.9438896179199,1505.2
151.679763793945,-18.9425716400146,1506.2
151.858795166016,-18.931245803833,1507.2
150,-20,1892.5
150.66667175293,-20,1893.5
151,-20,1894.5
151.33332824707,-20,1895.5
151.66667175293,-20,1896.5
150.33332824707,-19.6666660308838,1921.5
150.66667175293,-19.6666660308838,1922.5
151,-19.6666660308838,1923.5
151.33332824707,-19.6666660308838,1924.5
151.66667175293,-19.6666660308838,1925.5
150,-19.3333339691162,1956.5
150.33332824707,-19.3333339691162,1957.5
150.66667175293,-19.3333339691162,1958.5
151,-19.3333339691162,1959.5
151.33332824707,-19.3333339691162,1960.5
151.66667175293,-19.3333339691162,1961.5
150,-19,1993.5
150.33332824707,-19,1994.5
150.66667175293,-19,1995.5
151,-19,1996.5
151.33332824707,-19,1997.5
151.66667175293,-19,1998.5
150,-18.6666660308838,2033.5
150.33332824707,-18.6666660308838,2034.5
150.66667175293,-18.6666660308838,2035.5
151,-18.6666660308838,2036.5
151.33332824707,-18.6666660308838,2037.5
151.66667175293,-18.6666660308838,2038.5
150,-18.3333339691162,2074.5
150.33332824707,-18.3333339691162,2075.5
150.66667175293,-18.3333339691162,2076.5
151,-18.3333339691162,2077.5
151.33332824707,-18.3333339691162,2078.5
151.66667175293,-18.3333339691162,2079.5
150.072616577148,-17.1680736541748,739.1
150.220779418945,-17.103946685791,757.1
151.896713256836,-17.4450912475586,706.2
151.849655151367,-17.5811080932617,707.2
151.821838378906,-17.6552257537842,708.2
151.676254272461,-17.7263126373291,709.2
151.628952026367,-17.8088569641113,710.2
151.474319458008,-17.8359260559082,711.2
151.358520507812,-17.9256038665771,712.2
151.192810058594,-17.8780403137207,713.2
151.103408813477,-17.9728469848633,714.2
150.981750488281,-17.9449329376221,715.2
150.879653930664,-17.9278678894043,716.2
150.768707275391,-17.9387550354004,717.2
150.702301025391,-17.9362411499023,718.2
150.448638916016,-17.9787044525146,720.2
150.231430053711,-17.0227127075195,3178.3
150,-18,2121.5
150.33332824707,-18,2122.5
150.66667175293,-18,2123.5
151,-18,2124.5
151.33332824707,-18,2125.5
151.66667175293,-18,2126.5
150,-17.6666660308838,2166.5
150.33332824707,-17.6666660308838,2167.5
150.66667175293,-17.6666660308838,2168.5
151,-17.6666660308838,2169.5
151.33332824707,-17.6666660308838,2170.5
151.66667175293,-17.6666660308838,2171.5
150,-17.3333339691162,2206.5
150.33332824707,-17.3333339691162,2207.5
150.66667175293,-17.3333339691162,2208.5
151,-17.3333339691162,2209.5
151.33332824707,-17.3333339691162,2210.5
151.66667175293,-17.3333339691162,2211.5
153.505935668945,-28.0301685333252,1658
153.605941772461,-28.1679077148438,1659
153.622589111328,-28.3317279815674,1660
153.605926513672,-28.5067539215088,1661
153.689224243164,-28.6503524780273,1662
153.655899047852,-28.8198394775391,1663
153.576126098633,-28.9739112854004,1664
153.759704589844,-28.1153469085693,1432.1
153.802505493164,-28.2864189147949,1433.1
153.796188354492,-28.463846206665,1434.1
153.817962646484,-28.6394634246826,1435.1
153.802642822266,-28.8108253479004,1436.1
153.789947509766,-28.9890975952148,1437.1
153.990463256836,-28.2882385253906,1576.2
153.930816650391,-28.407787322998,1577.2
153.977416992188,-28.5722961425781,1578.2
153.918823242188,-28.7342014312744,1579.2
153.90657043457,-28.9055614471436,1580.2
153.799377441406,-28.3510456085205,4175.3
153.807983398438,-28.7947769165039,4176.3
153.172576904297,-26.1425628662109,1645
153.122604370117,-26.30588722229,1646
153.160797119141,-26.4559020996094,1647
153.172622680664,-26.6291313171387,1648
153.205947875977,-26.7983016967773,1649
153.291030883789,-26.9457683563232,1650
153.457778930664,-26.9417591094971,1651
153.510925292969,-27.0890426635742,1652
153.472595214844,-27.2565879821777,1653
153.583541870117,-27.3717727661133,1654
153.568099975586,-27.5319385528564,1655
153.505920410156,-27.6914386749268,1656
153.472595214844,-27.8607997894287,1657
153.812637329102,-26.0148754119873,1419.1
153.829162597656,-26.1941947937012,1420.1
153.726303100586,-26.314489364624,1421.1
153.609756469727,-26.4580688476562,1422.1
153.54557800293,-26.6280403137207,1423.1
153.533508300781,-26.8020820617676,1424.1
153.622528076172,-26.9441184997559,1425.1
153.639205932617,-27.1075801849365,1426.1
153.644622802734,-27.2661247253418,1427.1
153.7294921875,-27.4177398681641,1428.1
153.719650268555,-27.5824604034424,1429.1
153.761383056641,-27.7589149475098,1430.1
153.7802734375,-27.9382514953613,1431.1
153.954818725586,-26.0256862640381,1562.2
153.993041992188,-26.1986484527588,1563.2
153.901626586914,-26.3168144226074,1564.2
153.890213012695,-26.4917221069336,1565.2
153.783401489258,-26.6243114471436,1566.2
153.763275146484,-26.791130065918,1567.2
153.831771850586,-26.9514102935791,1568.2
153.878982543945,-27.1210784912109,1569.2
153.942230224609,-27.2858791351318,1570.2
153.97721862793,-27.4542446136475,1571.2
153.740600585938,-26.3010730743408,4170.3
153.534530639648,-26.6975231170654,4171.3
153.641571044922,-27.0889797210693,4172.3
153.724945068359,-27.4740676879883,4173.3
153.779525756836,-27.9129066467285,4174.3
153.66667175293,-28,1449.5
153.66667175293,-27.6666660308838,1471.5
153.66667175293,-27.3333339691162,1492.5
153.66667175293,-27,1506.5
153.66667175293,-26.6666660308838,1518.5
153.33332824707,-26.3333339691162,1530.5
153.66667175293,-26.3333339691162,1531.5
152.022125244141,-24.2769470214844,1617
152.109069824219,-24.4027690887451,1618
152.25959777832,-24.4625263214111,1619
152.430053710938,-24.4932079315186,1620
152.555755615234,-24.5855655670166,1621
152.611755371094,-24.6826133728027,1622
152.638534545898,-24.7772731781006,1623
152.717315673828,-24.8773555755615,1624
152.745910644531,-24.9853973388672,1625
152.877700805664,-25.0030994415283,1626
152.85578918457,-24.8874759674072,1627
152.931793212891,-24.9449501037598,1628
153.024887084961,-24.9516258239746,1629
153.067687988281,-24.7894763946533,1630
153.146728515625,-24.6678695678711,1631
153.145095825195,-24.5391044616699,1632
153.097396850586,-24.5371990203857,1633
153.207489013672,-24.3999633789062,1634
153.298614501953,-24.5547580718994,1635
153.348907470703,-24.7184638977051,1636
153.375762939453,-24.8602752685547,1637
153.40592956543,-25.0357818603516,1638
153.352447509766,-25.197603225708,1639
153.272598266602,-25.3501796722412,1640
153.205917358398,-25.5074615478516,1641
153.139266967773,-25.6647891998291,1642
153.139282226562,-25.8454818725586,1643
153.222564697266,-25.9792900085449,1644
152.72834777832,-24.0481624603271,1406.1
152.899765014648,-24.1264266967773,1407.1
153.051162719727,-24.2391777038574,1408.1
153.202346801758,-24.3497562408447,1409.1
153.341491699219,-24.4756488800049,1410.1
153.440032958984,-24.6304264068604,1411.1
153.498428344727,-24.7988166809082,1412.1
153.585678100586,-24.9604091644287,1413.1
153.651245117188,-25.1285800933838,1414.1
153.703903198242,-25.3015937805176,1415.1
153.742294311523,-25.4782676696777,1416.1
153.76872253418,-25.6569061279297,1417.1
153.794219970703,-25.8357830047607,1418.1
153.296722412109,-24.0092468261719,1549.2
153.331405639648,-24.1589450836182,1550.2
153.356597900391,-24.2947406768799,1551.2
153.438629150391,-24.4465923309326,1552.2
153.527694702148,-24.5960369110107,1553.2
153.610427856445,-24.7552013397217,1554.2
153.694595336914,-24.9078273773193,1555.2
153.752136230469,-25.067174911499,1556.2
153.827423095703,-25.2333106994629,1557.2
153.933212280273,-25.3714466094971,1558.2
153.894439697266,-25.5398120880127,1559.2
153.951049804688,-25.6846790313721,1560.2
153.947677612305,-25.8477306365967,1561.2
152.713302612305,-24.0557460784912,4164.3
153.115951538086,-24.2816600799561,4165.3
153.43489074707,-24.6175136566162,4166.3
153.613098144531,-25.0324382781982,4167.3
153.739456176758,-25.4654865264893,4168.3
153.796600341797,-25.9121723175049,4169.3
153.33332824707,-26,1543.5
153.66667175293,-26,1544.5
153.66667175293,-25.6666660308838,1555.5
153.66667175293,-25.3333339691162,1567.5
153.66667175293,-25,1579.5
153.66667175293,-24.6666660308838,1591.5
153.33332824707,-24.3333339691162,1605.5
153.66667175293,-24.3333339691162,1606.5
152.389282226562,-22.3106460571289,1234
152.329254150391,-22.2208938598633,1235
152.443954467773,-22.2546806335449,1236
152.60595703125,-22.4606246948242,1242
152.563659667969,-22.360803604126,1243
152.58935546875,-22.2306594848633,1244
152.527709960938,-22.315803527832,1245
152.489364624023,-22.1621322631836,1246
152.366683959961,-22.0555839538574,1247
152.344375610352,-22.1172904968262,1248
152.3056640625,-22.1276874542236,1249
152.199813842773,-22.0834865570068,1250
152.057464599609,-22.0621681213379,1251
152.774627685547,-22.1108207702637,1278
152.765640258789,-22.246768951416,1279
152.769683837891,-22.3968963623047,1280
152.934799194336,-22.0283756256104,1390.1
152.924713134766,-22.1753387451172,1391.1
152.921722412109,-22.343225479126,1392.1
152.839996337891,-22.4933757781982,1393.1
152.712875366211,-22.6180953979492,1394.1
152.530395507812,-22.6015129089355,1395.1
152.358306884766,-22.6552314758301,1396.1
152.193374633789,-22.7477397918701,1397.1
152.080032348633,-22.8777732849121,1398.1
152.008651733398,-23.0380573272705,1399.1
152.079177856445,-23.199254989624,1400.1
152.153106689453,-23.365758895874,1401.1
152.26008605957,-23.5158767700195,1402.1
152.36067199707,-23.6696300506592,1403.1
152.487106323242,-23.8068294525146,1404.1
152.632995605469,-23.9237537384033,1405.1
153.909561157227,-23.570915222168,1544.2
153.728652954102,-23.566478729248,1545.2
153.548095703125,-23.5734806060791,1546.2
153.450088500977,-23.7222213745117,1547.2
153.336318969727,-23.8544864654541,1548.2
152.934509277344,-22.1654834747314,4158.3
152.788101196289,-22.5505065917969,4159.3
152.372604370117,-22.6476364135742,4160.3
152.028411865234,-22.941104888916,4161.3
152.145751953125,-23.3525009155273,4162.3
152.412857055664,-23.7279033660889,4163.3
152.66667175293,-24,1622.5
153,-24,1623.5
153.33332824707,-24,1624.5
153.66667175293,-24,1625.5
152.33332824707,-23.6666660308838,1643.5
152.66667175293,-23.6666660308838,1644.5
153,-23.6666660308838,1645.5
153.33332824707,-23.6666660308838,1646.5
153.66667175293,-23.6666660308838,1647.5
152.33332824707,-23.3333339691162,1665.5
152.66667175293,-23.3333339691162,1666.5
153,-23.3333339691162,1667.5
153.33332824707,-23.3333339691162,1668.5
153.66667175293,-23.3333339691162,1669.5
152,-23,1687.5
152.33332824707,-23,1688.5
152.66667175293,-23,1689.5
153,-23,1690.5
153.33332824707,-23,1691.5
153.66667175293,-23,1692.5
152,-22.6666660308838,1711.5
152.33332824707,-22.6666660308838,1712.5
152.66667175293,-22.6666660308838,1713.5
153,-22.6666660308838,1714.5
153.33332824707,-22.6666660308838,1715.5
153.66667175293,-22.6666660308838,1716.5
152,-22.3333339691162,1736.5
152.33332824707,-22.3333339691162,1737.5
153,-22.3333339691162,1738.5
153.33332824707,-22.3333339691162,1739.5
153.66667175293,-22.3333339691162,1740.5
152.005950927734,-20.9606647491455,1107
152.023803710938,-20.8620777130127,1109
152.089294433594,-21.0274047851562,1111
152.039398193359,-20.9291000366211,1112
152.13916015625,-20.9295864105225,1113
152.222625732422,-21.1274299621582,1119
152.156021118164,-21.0510444641113,1120
152.222839355469,-20.9481201171875,1121
152.322311401367,-20.931510925293,1122
152.289215087891,-21.0563411712646,1123
152.015151977539,-21.1608638763428,1147
152.071380615234,-21.2619495391846,1148
152.055953979492,-21.4273853302002,1154
152.010879516602,-21.327507019043,1155
152.139221191406,-21.2990455627441,1156
152.289291381836,-21.4773559570312,1158
152.222625732422,-21.4087448120117,1159
152.220092773438,-21.3096942901611,1160
152.304061889648,-21.3682765960693,1161
152.10595703125,-21.6607151031494,1197
152.039321899414,-21.6020584106445,1198
152.123870849609,-21.5621166229248,1199
152.00471496582,-21.6595764160156,1226
152.022979736328,-21.8354568481445,1228
152.111862182617,-21.8774738311768,1253
152.131408691406,-21.7520542144775,1254
152.262130737305,-21.8108501434326,1255
152.289306640625,-21.7061042785645,1256
152.222763061523,-21.6108779907227,1257
152.226211547852,-21.5238819122314,1258
152.339263916016,-21.5744762420654,1259
152.361114501953,-21.4890232086182,1260
152.418884277344,-21.3736743927002,1261
152.385513305664,-21.2311573028564,1262
152.355941772461,-21.3473110198975,1263
152.265487670898,-21.2845230102539,1264
152.221817016602,-21.1774673461914,1265
152.352386474609,-21.1393413543701,1266
152.455902099609,-21.1929702758789,1267
152.548080444336,-21.0837230682373,1268
152.64924621582,-21.0504932403564,1269
152.701263427734,-21.177360534668,1270
152.589248657227,-21.2621974945068,1271
152.612228393555,-21.4044322967529,1272
152.561935424805,-21.5381164550781,1273
152.519882202148,-21.6107330322266,1274
152.576217651367,-21.7372455596924,1275
152.690902709961,-21.844144821167,1276
152.724182128906,-21.9925155639648,1277
152.113708496094,-20.7854118347168,1378.1
152.276763916016,-20.7818794250488,1379.1
152.422332763672,-20.8703746795654,1380.1
152.480941772461,-20.9775047302246,1381.1
152.650253295898,-20.9609508514404,1382.1
152.804718017578,-21.0098247528076,1383.1
152.853256225586,-21.1697807312012,1384.1
152.782257080078,-21.33131980896,1385.1
152.760208129883,-21.5080394744873,1386.1
152.751937866211,-21.6853351593018,1387.1
152.839263916016,-21.8346881866455,1388.1
152.903564453125,-21.9917373657227,1389.1
153.06510925293,-20.112756729126,1518.2
153.145553588867,-20.2743072509766,1519.2
153.231689453125,-20.4259719848633,1520.2
153.31608581543,-20.5874805450439,1521.2
153.362838745117,-20.7623767852783,1522.2
153.477020263672,-20.9012050628662,1523.2
153.598846435547,-21.0330638885498,1524.2
153.700256347656,-21.1827621459961,1525.2
153.725830078125,-21.3612098693848,1526.2
153.78337097168,-21.4904365539551,1527.2
153.893249511719,-21.5685806274414,1528.2
152.252227783203,-20.8858108520508,4153.3
152.630447387695,-20.9085941314697,4154.3
152.9580078125,-21.1227073669434,4155.3
152.769622802734,-21.4496402740479,4156.3
152.846374511719,-21.8630619049072,4157.3
152,-22,1758.5
153,-22,1759.5
153.33332824707,-22,1760.5
153.66667175293,-22,1761.5
152.66667175293,-21.6666660308838,1778.5
153,-21.6666660308838,1779.5
153.33332824707,-21.6666660308838,1780.5
153.66667175293,-21.6666660308838,1781.5
152,-21.3333339691162,1799.5
152.66667175293,-21.3333339691162,1800.5
153,-21.3333339691162,1801.5
153.33332824707,-21.3333339691162,1802.5
153.66667175293,-21.3333339691162,1803.5
152,-21,1824.5
152.33332824707,-21,1825.5
152.66667175293,-21,1826.5
153,-21,1827.5
153.33332824707,-21,1828.5
153.66667175293,-21,1829.5
152,-20.6666660308838,1844.5
152.33332824707,-20.6666660308838,1845.5
152.66667175293,-20.6666660308838,1846.5
153,-20.6666660308838,1847.5
153.33332824707,-20.6666660308838,1848.5
153.66667175293,-20.6666660308838,1849.5
152,-20.3333339691162,1868.5
152.33332824707,-20.3333339691162,1869.5
152.66667175293,-20.3333339691162,1870.5
153,-20.3333339691162,1871.5
153.33332824707,-20.3333339691162,1872.5
153.66667175293,-20.3333339691162,1873.5
152.040878295898,-18.9003410339355,1508.2
152.225646972656,-18.8629856109619,1509.2
152.400695800781,-18.886266708374,1510.2
152.556900024414,-18.9765338897705,1511.2
152.662200927734,-19.1229705810547,1512.2
152.75212097168,-19.2810325622559,1513.2
152.790863037109,-19.4545593261719,1514.2
152.87126159668,-19.6098918914795,1515.2
152.936111450195,-19.7745628356934,1516.2
153.00602722168,-19.9417724609375,1517.2
152,-20,1897.5
152.33332824707,-20,1898.5
152.66667175293,-20,1899.5
153,-20,1900.5
153.33332824707,-20,1901.5
153.66667175293,-20,1902.5
152,-19.6666660308838,1926.5
152.33332824707,-19.6666660308838,1927.5
152.66667175293,-19.6666660308838,1928.5
153,-19.6666660308838,1929.5
153.33332824707,-19.6666660308838,1930.5
153.66667175293,-19.6666660308838,1931.5
152,-19.3333339691162,1962.5
152.33332824707,-19.3333339691162,1963.5
152.66667175293,-19.3333339691162,1964.5
153,-19.3333339691162,1965.5
153.33332824707,-19.3333339691162,1966.5
153.66667175293,-19.3333339691162,1967.5
152,-19,1999.5
152.33332824707,-19,2000.5
152.66667175293,-19,2001.5
153,-19,2002.5
153.33332824707,-19,2003.5
153.66667175293,-19,2004.5
152,-18.6666660308838,2039.5
152.33332824707,-18.6666660308838,2040.5
152.66667175293,-18.6666660308838,2041.5
153,-18.6666660308838,2042.5
153.33332824707,-18.6666660308838,2043.5
153.66667175293,-18.6666660308838,2044.5
152,-18.3333339691162,2080.5
152.33332824707,-18.3333339691162,2081.5
152.66667175293,-18.3333339691162,2082.5
153,-18.3333339691162,2083.5
153.33332824707,-18.3333339691162,2084.5
152.287780761719,-17.0027027130127,702.2
152.263916015625,-17.1752166748047,703.2
152.21516418457,-17.3218593597412,704.2
152.074722290039,-17.4033603668213,705.2
152,-18,2127.5
152.33332824707,-18,2128.5
152.66667175293,-18,2129.5
153,-18,2130.5
153.33332824707,-18,2131.5
152,-17.6666660308838,2172.5
152.33332824707,-17.6666660308838,2173.5
152.66667175293,-17.6666660308838,2174.5
153,-17.6666660308838,2175.5
152,-17.3333339691162,2212.5
152.33332824707,-17.3333339691162,2213.5
152.66667175293,-17.3333339691162,2214.5
153,-17.3333339691162,2215.5
154.055084228516,-28.1528549194336,1575.2
154,-28.6666660308838,1411.5
154.33332824707,-28.6666660308838,1412.5
154.66667175293,-28.6666660308838,1413.5
154,-28.3333339691162,1429.5
154.33332824707,-28.3333339691162,1430.5
154.66667175293,-28.3333339691162,1431.5
155,-28.3333339691162,1432.5
154.016540527344,-27.6147651672363,1572.2
154.045913696289,-27.7923831939697,1573.2
154.05500793457,-27.9726486206055,1574.2
154,-28,1450.5
154.33332824707,-28,1451.5
154.66667175293,-28,1452.5
155,-28,1453.5
154,-27.6666660308838,1472.5
154.33332824707,-27.6666660308838,1473.5
154.66667175293,-27.6666660308838,1474.5
155,-27.6666660308838,1475.5
154,-27.3333339691162,1493.5
154.33332824707,-27.3333339691162,1494.5
154.66667175293,-27.3333339691162,1495.5
155,-27.3333339691162,1496.5
154,-27,1507.5
154.33332824707,-27,1508.5
154.66667175293,-27,1509.5
154,-26.6666660308838,1519.5
154.33332824707,-26.6666660308838,1520.5
154.66667175293,-26.6666660308838,1521.5
154,-26.3333339691162,1532.5
154.33332824707,-26.3333339691162,1533.5
154.66667175293,-26.3333339691162,1534.5
154,-26,1545.5
154.33332824707,-26,1546.5
154.66667175293,-26,1547.5
154,-25.6666660308838,1556.5
154.33332824707,-25.6666660308838,1557.5
154.66667175293,-25.6666660308838,1558.5
154,-25.3333339691162,1568.5
154.33332824707,-25.3333339691162,1569.5
154.66667175293,-25.3333339691162,1570.5
154,-25,1580.5
154.33332824707,-25,1581.5
154.66667175293,-25,1582.5
154,-24.6666660308838,1592.5
154.33332824707,-24.6666660308838,1593.5
154.66667175293,-24.6666660308838,1594.5
155,-24.6666660308838,1595.5
154,-24.3333339691162,1607.5
154.33332824707,-24.3333339691162,1608.5
154.66667175293,-24.3333339691162,1609.5
155,-24.3333339691162,1610.5
155.33332824707,-24.3333339691162,1611.5
155.66667175293,-24.3333339691162,1612.5
155.405960083008,-22.2428779602051,1230
155.339309692383,-22.187614440918,1231
155.422805786133,-22.1444244384766,1232
155.539291381836,-23.2770614624023,1379
155.473007202148,-23.2184047698975,1380
155.557479858398,-23.1790790557861,1381
155.405960083008,-22.3571720123291,986.1
155.265441894531,-22.3171710968018,987.1
155.218872070312,-22.1812419891357,988.1
155.292678833008,-22.0479106903076,989.1
155.443649291992,-22.0307140350342,990.1
155.554611206055,-22.1357173919678,991.1
155.536361694336,-22.2803249359131,992.1
155.539291381836,-23.3923797607422,1120.1
155.398513793945,-23.3511486053467,1121.1
155.354522705078,-23.2138004302979,1122.1
155.427108764648,-23.0796184539795,1123.1
155.578857421875,-23.0628490447998,1124.1
155.687759399414,-23.1707763671875,1125.1
155.671615600586,-23.3153057098389,1126.1
155.405960083008,-22.3583354949951,1041.2
155.266830444336,-22.3197212219238,1042.2
155.148910522461,-22.214786529541,1043.2
155.173049926758,-22.1109886169434,1044.2
155.304946899414,-22.0466480255127,1045.2
155.453872680664,-22.0295181274414,1046.2
155.557968139648,-22.1414394378662,1047.2
155.537567138672,-22.2838687896729,1048.2
155.539291381836,-23.3937110900879,1076.2
155.393737792969,-23.347692489624,1077.2
155.356140136719,-23.2036094665527,1078.2
155.442718505859,-23.0747566223145,1079.2
155.598724365234,-23.0709915161133,1080.2
155.704528808594,-23.1914138793945,1081.2
155.694839477539,-23.3279476165771,1082.2
154.169708251953,-22.1334323883057,1532.2
154.204574584961,-22.3071060180664,1533.2
154.272705078125,-22.4739780426025,1534.2
154.396301269531,-22.6092929840088,1535.2
154.442565917969,-22.774543762207,1536.2
154.499267578125,-22.941915512085,1537.2
154.532302856445,-23.1179141998291,1538.2
154.541656494141,-23.2934474945068,1539.2
154.488845825195,-23.4673480987549,1540.2
154.341659545898,-23.5809898376465,1541.2
154.213348388672,-23.6799926757812,1542.2
154.088973999023,-23.6062908172607,1543.2
155.408340454102,-22.35475730896,3480.3
155.225784301758,-22.1307544708252,3481.3
155.533294677734,-22.0854625701904,3482.3
155.54167175293,-23.3899517059326,3532.3
155.360687255859,-23.1583671569824,3533.3
155.669418334961,-23.1215190887451,3534.3
154,-24,1626.5
154.33332824707,-24,1627.5
154.66667175293,-24,1628.5
155,-24,1629.5
155.33332824707,-24,1630.5
155.66667175293,-24,1631.5
154,-23.6666660308838,1648.5
154.33332824707,-23.6666660308838,1649.5
154.66667175293,-23.6666660308838,1650.5
155,-23.6666660308838,1651.5
155.33332824707,-23.6666660308838,1652.5
155.66667175293,-23.6666660308838,1653.5
154,-23.3333339691162,1670.5
154.33332824707,-23.3333339691162,1671.5
154.66667175293,-23.3333339691162,1672.5
155,-23.3333339691162,1673.5
155.33332824707,-23.3333339691162,1674.5
155.66667175293,-23.3333339691162,1675.5
154,-23,1693.5
154.33332824707,-23,1694.5
154.66667175293,-23,1695.5
155,-23,1696.5
155.33332824707,-23,1697.5
155.66667175293,-23,1698.5
154,-22.6666660308838,1717.5
154.33332824707,-22.6666660308838,1718.5
154.66667175293,-22.6666660308838,1719.5
155,-22.6666660308838,1720.5
155.33332824707,-22.6666660308838,1721.5
155.66667175293,-22.6666660308838,1722.5
154,-22.3333339691162,1741.5
154.33332824707,-22.3333339691162,1742.5
154.66667175293,-22.3333339691162,1743.5
155,-22.3333339691162,1744.5
155.33332824707,-22.3333339691162,1745.5
155.66667175293,-22.3333339691162,1746.5
154.059783935547,-21.6520500183105,1529.2
154.173324584961,-21.7909908294678,1530.2
154.141418457031,-21.9639492034912,1531.2
154,-22,1762.5
154.33332824707,-22,1763.5
154.66667175293,-22,1764.5
155,-22,1765.5
155.33332824707,-22,1766.5
155.66667175293,-22,1767.5
154,-21.6666660308838,1782.5
154.33332824707,-21.6666660308838,1783.5
154.66667175293,-21.6666660308838,1784.5
155,-21.6666660308838,1785.5
155.33332824707,-21.6666660308838,1786.5
155.66667175293,-21.6666660308838,1787.5
154,-21.3333339691162,1804.5
154.33332824707,-21.3333339691162,1805.5
154.66667175293,-21.3333339691162,1806.5
155,-21.3333339691162,1807.5
155.33332824707,-21.3333339691162,1808.5
155.66667175293,-21.3333339691162,1809.5
154,-21,1830.5
154.33332824707,-21,1831.5
154.66667175293,-21,1832.5
154,-20.6666660308838,1850.5
154.33332824707,-20.6666660308838,1851.5
154.66667175293,-20.6666660308838,1852.5
155,-20.6666660308838,1853.5
154,-20.3333339691162,1874.5
154.33332824707,-20.3333339691162,1875.5
154,-20,1903.5
154,-19.6666660308838,1932.5
155,-18.3333339691162,2085.5
155.33332824707,-18.3333339691162,2086.5
155.66667175293,-18.3333339691162,2087.5
155.839294433594,-17.4602165222168,976
155.773406982422,-17.3902168273926,977
155.861099243164,-17.3496532440186,978
155.839294433594,-17.5762138366699,759.1
155.696273803711,-17.5314769744873,760.1
155.650436401367,-17.3856887817383,761.1
155.725799560547,-17.2467060089111,762.1
155.880493164062,-17.229959487915,763.1
155.987045288086,-17.3439922332764,764.1
155.970550537109,-17.4947776794434,765.1
155.85595703125,-17.6155605316162,608.2
155.704864501953,-17.5413036346436,609.2
155.64436340332,-17.3905239105225,610.2
155.724227905273,-17.2454586029053,611.2
155.886123657227,-17.2287120819092,612.2
155.988357543945,-17.3545837402344,613.2
155.970703125,-17.5118808746338,614.2
155.841659545898,-17.5903835296631,3191.3
155.661041259766,-17.3464546203613,3192.3
155.972534179688,-17.3080196380615,3193.3
155,-18,2132.5
155.33332824707,-18,2133.5
155.66667175293,-18,2134.5
154.66667175293,-17.6666660308838,2176.5
155,-17.6666660308838,2177.5
155.33332824707,-17.6666660308838,2178.5
155.66667175293,-17.6666660308838,2179.5
154.66667175293,-17.3333339691162,2216.5
155,-17.3333339691162,2217.5
155.33332824707,-17.3333339691162,2218.5
155.66667175293,-17.3333339691162,2219.5
176.9109,-42.3707,-70001.1
179.0996,-40.6003,-70002.1
180.2022,-38.2001,-70003.1
178.6037,-36.0998,-70004.1
182.292,-36.0493,-70005.1
184.9874,-29.6843,-70006.1
186.5988,-23.3516,-70007.1
163.9549,-26.6672,-70008.1
169.4988,-24.3093,-70009.1
166.782,-19.3096,-70010.1
152.583333333333,42.6166666666667,-21401.2
158.343333333333,46.4875,-21402.2
152.130555555556,30.5538888888889,-21413.2
178.218333333333,48.9533333333333,-21414.2
171.915,50.1666666666667,-21415.2
163.328333333333,48.1216666666667,-21416.2
148.76,38.67,-21418.2
155.698333333333,44.3983333333333,-21419.2
91.7011111111111,3.79805555555556,-23217.2
88.5,9.99888888888889,-23218.2
88.9977777777778,13.4997222222222,-23219.2
89.3333333333333,14.4333333333333,-23220.2
89.4833333333333,17.3333333333333,-23223.2
67.3333333333333,20.2,-23226.2
88.7919444444444,6.25472222222222,-23227.2
65.3466666666667,20.7986111111111,-23228.2
88.5369444444444,8.90472222222222,-23401.2
278.234722222222,-1.13583333333333,-32066.2
278.738333333333,0.641111111111111,-32067.2
286.570555555556,-20.4727777777778,-32401.2
286.016944444444,-26.7433333333333,-32402.2
287.965833333333,-23.1536111111111,-32403.2
269.15,4.995,-32411.2
273.67,-17.98,-32412.2
266.523333333333,-7.39333333333333,-32413.2
280.898333333333,2.99833333333333,-32489.2
284.754444444444,-35.7405555555556,-34420.2
292.662777777778,23.5,-41420.2
296.111944444444,23.4094444444444,-41421.2
287.296666666667,33.0133333333333,-41424.2
291.782777777778,15.2522222222222,-42407.2
270.735277777778,25.8675,-42409.2
253.002777777778,16.0255555555556,-43412.2
259.863333333333,10.8416666666667,-43413.2
309.97,37.5916666666667,-44401.2
289.340555555556,39.2980555555556,-44402.2
195.928888888889,51.02,-46402.2
203.053333333333,52.665,-46403.2
231.263611111111,45.8569444444444,-46404.2
231.168333333333,42.6816666666667,-46407.2
190.111666666667,49.6683333333333,-46408.2
211.491388888889,55.2930555555556,-46409.2
216.201666666667,57.65,-46410.2
232.918333333333,39.3333333333333,-46411.2
239.424444444444,32.4638888888889,-46412.2
185.773055555556,47.9988888888889,-46413.2
230.380555555556,48.7961111111111,-46419.2
203.454444444444,19.5533333333333,-51407.2
183.696666666667,-9.51666666666667,-51425.2
191.615,-23.11,-51426.2
155.754166666667,19.2608333333333,-52401.2
154.038611111111,11.8686111111111,-52402.2
145.519722222222,4.01972222222222,-52403.2
132.348333333333,20.7825,-52404.2
132.183611111111,12.9852777777778,-52405.2
164.977222222222,-5.30666666666667,-52406.2
186.976944444444,-33.0105555555556,-54401.2
158.452777777778,-15.6641666666667,-55012.2
160.256111111111,-46.8297222222222,-55015.2
153.537222222222,-14.7147222222222,-55023.2
161.841111111111,-44.8977777777778,-55042.2
109.943888888889,-14.0161111111111,-56001.2
117.941666666667,-15.0233333333333,-56003.2
171.836,50.1663,-21415.37
163.4904,48.0455,-21416.33
157.1397,43.1871,-21417.39
148.6945,38.7066,-21418.32
155.735,44.3044,-21419.31
155.7353,44.455,-21419.32
269.315,4.924,-32411.38
269.1558,4.8428,-32411.35
273.6081,-17.9719,-32412.37
292.3456,23.3139,-41420.36
296.05168,23.40672,-41421.36
295.8917,23.3911,-41421.31
287.554,32.933,-41424.32
291.8144,15.3067,-42407.36
273.2032,25.4099,-42408.39
273.0125,25.2083,-42408.32
274.2,26.65,-42409.33
274.36169,27.04394,-42409.35
274.29111,27.08056,-42409.36
274.3286,27.4011,-42429.37
259.9157,10.846,-43413.35
260.14333,11.065,-43413.38
310.0143,37.55095,-44401.33
292.073,38.1991,-44402.37
289.4055,39.487,-44402.38
289.05806,39.39917,-44402.31
189.2024,46.6369,-46401.34
189.5276,46.3815,-46401.35
195.99,51.069,-46402.36
203.0672,52.38217,-46403.32
229.11608,42.91105,-46404.38
231.5386,45.515,-46404.39
229.47,42.54,-46405.37
234.983,-8.49,-46406.31
231.09972,42.54278,-46407.32
231.1031,42.60167,-46407.33
190.152,49.623,-46408.37
211.809,55.1357,-46409.35
211.835,55.303,-46409.36
210.50139,55.30083,-46409.31
216.011,57.5025,-46410.35
216.3194,57.6336,-46410.31
232.99235,39.49055,-46411.32
232.98943,39.32867,-46411.33
239.5845,32.1445,-46412.39
239.30205,32.24857,-46412.31
240,32.4553,-46412.32
184.4259,48.8719,-46413.37
185.3857,48.673,-46413.39
185.7739,48.2989,-46413.31
230.6407,48.4785,-46419.35
203.4739,19.6269,-51407.35
203.41444,19.57778,-51407.39
183.7532,-9.5013,-51425.33
191.8886,-23.0068,-51426.37
191.7242,-23.2853,-51426.31
191.7142,-23.1058,-51426.32
154.5839,11.5687,-52402.31
154.2173,11.7405,-52402.33
154.1114,11.8822,-52402.35
145.5793,4.02723,-52403.39
132.3119,20.8478,-52404.38
132.3122,20.9478,-52404.39
132.3169,12.8839,-52405.36
165.0684,-5.3377,-52406.33
186.8275,-33.0967,-54401.34
158.518,-15.799,-55012.35
160.471,-46.931,-55015.36
153.584429,-28.875377,-100034.1
153.552769,-28.537025,-100035.1
153.551186,-28.170639,-100036.1
148.710333333333,-20.2608333333333,-100050.1
153.338883333333,-27.5472166666667,-100051.1
153.21905,-27.4746666666667,-100052.1
153.116966666667,-27.4315833333333,-100053.1
152.401166666667,-24.75915,-100054.1
153.432583333333,-27.9385666666667,-100055.1
153.420983333333,-27.9399333333333,-100056.1
153.43015,-27.73835,-100057.1
153.0844,-26.6410333333333,-100058.1
153.13345,-26.6843666666667,-100059.1
153.078433333333,-26.3941333333333,-100060.1
153.080166666667,-26.3830333333333,-100061.1
153.0421,-26.3954166666667,-100062.1
153.41965,-27.9318166666667,-100063.1
153.279616666667,-27.51555,-100064.1
150.790083333333,-23.161,-100065.1
153.109283333333,-27.1936166666667,-100066.1
153.0872,-27.3209666666667,-100067.1
153.371,-27.1808333333333,-100068.1
153.558783333333,-28.1717166666667,-100069.1
153.4096,-27.93815,-100070.1
153.157416666667,-27.40165,-100071.1
147.0584,-19.2773,-100080.1
153.4326,-27.9387,-100082.1
152.145,-17.133,-100086.1
150.7902,-23.161,-100090.1
151.176086,-23.788469,-200064.2
151.309419,-23.853469,-200065.2
151.25554,-23.83172,-200066.2
150.8,-23.1667,-200067.2
148.67775267,-20.60513567,-200068.2
150.86250833,-23.584129,-200069.2
152.401086,-24.76180233,-200070.2
152.38333333,-24.76666667,-200071.2
152.91666667,-25.3,-200072.2
149.3,-21.26666667,-200073.2
149.30241667,-21.28943333,-200074.2
148.25,-20.01666667,-200075.2
149.41388333,-21.24711667,-200076.2
149.22746667,-21.10283333,-200077.2
153.3442,-27.9184,-300002.3
153.4086,-27.8245,-300003.3
153.117,-26.8797,-300004.3
153.0706,-26.9244,-300005.3
153.0888,-26.6431,-300006.3
153.419,-27.8993,-300007.3
153.3918,-27.7096,-300008.3
153.3611,-27.7043,-300009.3
148.9824,-20.901,-300010.3
153.371,-27.178,-300011.3
153.0791,-26.9041,-300012.3
153.5577,-28.1721,-300014.3
151.373688502644,-23.9063291913703,-400001.4
151.357682050352,-23.9317641018621,-400002.4
151.357791683587,-23.9467838550404,-400003.4
151.360066573211,-23.9565138046358,-400004.4
151.347897284139,-23.9642977643122,-400005.4
151.328382568331,-23.9765218700011,-400006.4
151.330465599793,-23.9936794712596,-400007.4
151.31769332793,-23.8804831562478,-400008.4
151.291490984794,-23.934313074573,-400009.4
151.33611171139,-23.9636399649029,-400010.4
151.303879540335,-23.9006008548479,-400011.4
151.244348693796,-23.8301066848212,-400012.4
151.251529670681,-23.8372876617057,-400013.4
151.253831968613,-23.8295037020294,-400014.4
151.240511530576,-23.8375617447929,-400015.4
151.23206977149,-23.8475931857843,-400016.4
151.241443413072,-23.8486347015156,-400017.4
151.234043169718,-23.858474284346,-400018.4
151.226149576807,-23.8160188141394,-400019.4
151.218036717426,-23.8267628711574,-400020.4
151.21151353995,-23.8478124522541,-400021.4
151.195178187954,-23.8648056036602,-400022.4
151.188655010478,-23.870780614961,-400023.4
151.172648558186,-23.7938180840765,-400024.4
151.171552225837,-23.7848281588165,-400025.4
151.207950459817,-23.7830740270584,-400026.4
151.188819460331,-23.7682735403499,-400027.4
151.179829535071,-23.75692650054,-400028.4
151.436097221599,-24.0038753621032,-400029.4
151.283816658353,-23.816347713844,-400030.4
151.284748540849,-23.7992997458204,-400031.4
151.321420857916,-23.7773730988448,-400032.4
151.313746531474,-23.7623533456664,-400033.4
151.909932062742,-23.4427724659964,-400034.4
151.33117821582,-23.8475383691669,-400035.4
151.151818243559,-23.7208023496477,-400036.4
151.119503847579,-23.666040548826,-400037.4
151.068195493656,-23.6372618246704,-400038.4
150.985751301027,-23.5401984618371,-400039.4
150.553037356288,-23.3779750075201,-400040.4
150.512304392868,-23.3730162119733,-400041.4
152.717408,-24.114421,-400042.4
152.091324,-23.5061264,-400043.4
151.910056,-23.442166,-400044.4
150.933986,-23.175783,-400045.4
150.897767,-23.089431,-400046.4
152.4012744,-24.7591275,-400047.4
152.3819573,-24.7661341,-400048.4
153.584429,-28.8747930950653,-1100034.1
153.553433654785,-28.5370249983821,-1100035.1
153.551186,-28.1700550950653,-1100036.1
148.709893217302,-20.261246215923,-1100050.1
153.338883333333,-27.5478005716014,-1100051.1
153.219515368185,-27.4742537827542,-1100052.1
153.117431856571,-27.4319962157,-1100053.1
152.400711986251,-24.7595628824528,-1100054.1
153.431922396516,-27.9385666650888,-1100055.1
153.420515972729,-27.9403462156832,-1100056.1
153.430616493011,-27.7387628823566,-1100057.1
153.0844,-26.641617238268,-1100058.1
153.13345,-26.6849505716014,-1100059.1
153.079085189529,-26.3941333318567,-1100060.1
153.079705777386,-26.3834462157342,-1100061.1
153.041448136558,-26.39541666519,-1100062.1
153.41965,-27.931232761732,-1100063.1
153.278958289744,-27.5155499984501,-1100064.1
150.789448242126,-23.1609999987272,-1100065.1
153.108626867447,-27.193616665138,-1100066.1
153.087664721605,-27.3205537827593,-1100067.1
153.370343609341,-27.1808333318055,-1100068.1
153.559445705066,-28.1717166650732,-1100069.1
153.4096,-27.9375660950653,-1100070.1
153.156951606287,-27.4012371160899,-1100071.1
147.057962591101,-19.2777128826186,-1100080.1
153.432132648304,-27.9382871160722,-1100082.1
152.144388980143,-17.1329999990828,-1100086.1
150.790835091207,-23.1609999987272,-1100090.1
151.176086,-23.7878850950653,-1200064.2
151.308780561344,-23.8534689986844,-1200065.2
151.255991367139,-23.831307116204,-1200066.2
150.799550904971,-23.1662871162245,-1200067.2
148.677311567533,-20.6055485525795,-1200068.2
150.863145451397,-23.5841289987011,-1200069.2
152.400631309876,-24.7622152124527,-1200070.2
152.382878625091,-24.7662537861748,-1200071.2
152.917123355877,-25.2995871161579,-1200072.2
149.3,-21.2660827650653,-1200073.2
149.301973546133,-21.2898462125592,-1200074.2
148.25,-20.0172505749347,-1200075.2
149.413440333508,-21.2475295525604,-1200076.2
149.227024105445,-21.1032462125648,-1200077.2
153.344860813508,-27.9183999984234,-1300002.3
153.407939758964,-27.8244999984297,-1300003.3
153.117654632935,-26.8796999984919,-1300004.3
153.070136919651,-26.9248128823833,-1300005.3
153.088338065895,-26.6435128823925,-1300006.3
153.419660696838,-27.8992999984247,-1300007.3
153.392266366476,-27.7091871160798,-1300008.3
153.360440487748,-27.7042999984376,-1300009.3
148.981958033559,-20.9014128825708,-1300010.3
153.370343626008,-27.1779999984723,-1300011.3
153.0791,-26.9035160950653,-1300012.3
153.557037625893,-28.1720999984065,-1300014.3
151.374140132818,-23.9067420738497,-1400001.4
151.357230331244,-23.9321769843407,-1400002.4
151.357791683587,-23.9473677599751,-1400003.4
151.359614767445,-23.9569266871137,-1400004.4
151.347897284139,-23.9648816692469,-1400005.4
151.327743521341,-23.9765218686779,-1400006.4
151.330013663675,-23.9940923537363,-1400007.4
151.317241788002,-23.880896038728,-1400008.4
151.291039256766,-23.9347259570516,-1400009.4
151.335659880651,-23.9640528473806,-1400010.4
151.303427930174,-23.9010137373275,-1400011.4
151.243897329397,-23.830519567303,-1400012.4
151.251078281291,-23.8377005441873,-1400013.4
151.253831968613,-23.8289197970947,-1400014.4
151.240060140232,-23.8379746272745,-1400015.4
151.23206977149,-23.848177090719,-1400016.4
151.241443413072,-23.8480507965809,-1400017.4
151.233591706536,-23.8588871668269,-1400018.4
151.226149576807,-23.8166027190741,-1400019.4
151.218675024597,-23.8267628698435,-1400020.4
151.21151353995,-23.8472285473194,-1400021.4
151.194539693425,-23.8648056023439,-1400022.4
151.188203507274,-23.8703677311638,-1400023.4
151.172648558186,-23.7944019890112,-1400024.4
151.170914124739,-23.7848281575052,-1400025.4
151.207499258858,-23.7834869095417,-1400026.4
151.188368310717,-23.7686864228336,-1400027.4
151.179378424794,-23.7573393830241,-1400028.4
151.435645249674,-24.0042882445796,-1400029.4
151.283365341811,-23.8167605963262,-1400030.4
151.284297283553,-23.7997126283032,-1400031.4
151.320782793403,-23.7773730975339,-1400032.4
151.313295402387,-23.7627662281503,-1400033.4
151.909482034623,-23.4423595822124,-1400034.4
151.330726790738,-23.8479512516482,-1400035.4
151.151367258348,-23.7212152321329,-1400036.4
151.119053051486,-23.6664534313129,-1400037.4
151.068646187748,-23.6368489408804,-1400038.4
150.985300937368,-23.5406113443279,-1400039.4
150.55258754566,-23.3783878900159,-1400040.4
150.511854599067,-23.3734290944692,-1400041.4
152.716955638569,-24.114833882473,-1400042.4
152.091324,-23.5055424950653,-1400043.4
151.909605971134,-23.4425788824938,-1400044.4
150.933350838666,-23.1757829987263,-1400045.4
150.897318160815,-23.0898438825047,-1400046.4
152.401917412957,-24.7591274986278,-1400047.4
152.381314250771,-24.7661340986273,-1400048.4
