"lon","lat","gaugeID"
184.818525114826,-21.1378899669226,1.6
184.81903022375,-21.1376322002672,2.6
184.818855852189,-21.1377762463394,3.6
184.818135621828,-21.1377080139894,4.6
184.817688320867,-21.1375639679173,5.6
184.817407810095,-21.1374786774798,6.6
184.817197427016,-21.137448351991,7.6
184.816848683894,-21.1373630615535,8.6
184.816388115532,-21.1371261436717,9.6
184.815912118164,-21.1368765053999,10.6
184.815656656584,-21.1368324602998,11.6
184.815339531863,-21.1366562798995,12.6
184.814784563602,-21.1363303461589,13.6
184.814405775741,-21.1360748845784,14.6
184.816079489545,-21.1373081473807,15.6
184.815832836984,-21.1378366885817,16.6
184.814643619282,-21.1377045532814,17.6
184.816687311926,-21.1382419035024,18.6
184.817894147668,-21.1386030733231,19.6
184.818607678289,-21.1389994792238,20.6
184.819338826951,-21.1394046941446,21.6
184.815982590324,-21.1384885560629,22.6
184.814802181642,-21.1386647364632,23.6
184.815374767943,-21.1388673439236,24.6
184.817303943327,-21.1383916568427,25.6
184.815216205583,-21.1377221713215,26.6
184.81889837595,-21.1374358781709,27.6
184.81882349928,-21.1372729113006,28.6
184.818576846719,-21.1370526858002,29.6
184.81870457751,-21.1367267520596,30.6
185.068572430271,-21.1451217481352,31.6
185.060115771056,-21.0678842606323,32.6
185.030799352442,-21.1857137123702,33.6
185.005429374795,-21.1535784073508,34.6
184.982878283553,-21.1259533205797,35.6
184.952434310377,-21.1135502203968,36.6
184.918043896233,-21.1084762248674,37.6
184.898311691397,-21.1073486703053,38.6
184.877451931998,-21.1096037794295,39.6
184.857719727162,-21.1118588885536,40.6
184.854900840756,-21.1242619887366,41.6
184.853773286194,-21.1406115298868,42.6
184.85151817707,-21.1513232982266,43.6
184.859411059005,-21.1541421846318,44.6
184.866176386377,-21.1620350665664,45.6
184.870686604626,-21.1704917257821,46.6
184.871250381907,-21.1766932758735,47.6
184.866176386377,-21.1812034941219,48.6
184.858283504443,-21.1845861578081,49.6
184.854759896436,-21.1582295699194,50.6
184.847007958822,-21.1599209017625,51.6
184.840242631449,-21.162316955207,52.6
184.833900137038,-21.1585114585599,53.6
184.827557642626,-21.1578067369586,54.6
184.818678150449,-21.1610484563246,55.6
184.8134632106,-21.1594980688017,56.6
184.802328609299,-21.1548469062331,57.6
184.796831780809,-21.1541421846318,58.6
184.796549892168,-21.1637263984096,59.6
184.790207397757,-21.1755657213114,60.6
184.782596404463,-21.1741562781088,61.6
184.776253910051,-21.1685185052984,62.6
184.779777518057,-21.1638673427298,63.6
184.784569624946,-21.1575248483181,64.6
184.791053063678,-21.1542831289521,65.6
184.79739555809,-21.1799349952395,66.6
184.852363842992,-21.1848680464486,67.6
184.843907183776,-21.1881097658146,68.6
184.838128466645,-21.1848680464486,69.6
184.832490693835,-21.1871231555728,70.6
184.832631638155,-21.192619984063,71.6
184.839678854168,-21.1929018727035,72.6
184.818523992599,-21.1377882389716,73.6
184.991497909639,-21.1518518394276,74.6
184.976557811691,-21.1518518394276,75.6
184.970920038881,-21.16397305097,76.6
184.961617713744,-21.1673557146563,77.6
184.951187834044,-21.1707383783425,78.6
184.941321731626,-21.1741210420288,79.6
184.932301295129,-21.176939928434,80.6
184.923844635914,-21.1822958126039,81.6
184.920743860868,-21.189906805898,82.6
184.915387976698,-21.1949808014273,83.6
184.912005313012,-21.2006185742378,84.6
184.906649428842,-21.2062563470482,85.6
184.902421099234,-21.2121760084991,86.6
184.902984876515,-21.2183775585906,87.6
184.90552187428,-21.2237334427605,88.6
184.908904537966,-21.2302168814925,89.6
184.908058872045,-21.2365593759042,90.6
184.908763593646,-21.2445932021591,91.6
184.906931317483,-21.2500900306492,92.6
184.904112431077,-21.2544593045773,93.6
184.902139210594,-21.2593923557864,94.6
184.898192769626,-21.2637616297145,95.6
184.895373883221,-21.2675671263616,96.6
184.892977829777,-21.2717954559694,97.6
184.888608555849,-21.2750371753354,98.6
184.88367550464,-21.2778560617406,99.6
184.877896787509,-21.279688337904,100.6
184.874091290862,-21.2799702265445,101.6
184.868876351012,-21.2799702265445,102.6
184.863379522522,-21.2781379503811,103.6
184.855768529228,-21.2754600082962,104.6
184.847875647293,-21.2730639548517,105.6
184.843365429045,-21.2702450684465,106.6
184.839418988078,-21.2681309036426,107.6
184.835754435751,-21.2668624047602,108.6
184.832089883424,-21.2643254069956,109.6
184.82969382998,-21.2622112421916,110.6
184.826029277653,-21.2603789660283,111.6
184.823069446927,-21.2577010239433,112.6
184.821237170764,-21.2548821375381,113.6
184.819545838921,-21.2523451397734,114.6
184.816586008195,-21.2493853090479,115.6
184.815035620673,-21.2465664226427,116.6
184.813062400189,-21.2444522578388,117.6
184.811793901307,-21.2421971487146,118.6
184.810736818905,-21.2397306231101,119.6
184.808975014901,-21.2371231531853,120.6
184.807495099539,-21.2346566275807,121.6
184.806226600656,-21.2324015184565,122.6
184.805169518254,-21.229934992852,123.6
184.804605740973,-21.2283846053291,124.6
184.803548658571,-21.2265523291657,125.6
184.803478186411,-21.2248609973226,126.6
184.801927798888,-21.2235924984402,127.6
184.800025050565,-21.2216897501167,128.6
184.79741758064,-21.2198574739533,129.6
184.794528222075,-21.2189413358716,130.6
184.791568391349,-21.2176023648292,131.6
184.788538088464,-21.2168976432279,132.6
184.785789674218,-21.2155586721854,133.6
184.783534565094,-21.2143606454632,134.6
184.780856623009,-21.2132330909011,135.6
184.778178680924,-21.212105536339,136.6
184.775500738839,-21.2116827033782,137.6
184.773386574036,-21.2107665652965,138.6
184.771060992751,-21.2100618436952,139.6
184.768101162026,-21.2097094828946,140.6
184.764507081859,-21.2083705118521,141.6
184.761476778974,-21.2075953180907,142.6
184.757671282327,-21.2068201243292,143.6
184.754781923761,-21.2059744584077,144.6
184.751258315755,-21.2051992646462,145.6
184.747523291268,-21.204565015205,146.6
184.744774877023,-21.204001237924,147.6
184.741885518457,-21.204001237924,148.6
184.73815049397,-21.2032965163227,149.6
184.734697358124,-21.2026622668815,150.6
184.73230130468,-21.2026622668815,151.6
184.728918640993,-21.2020984896005,152.6
184.725395032987,-21.2017461287998,153.6
184.723421812503,-21.2008299907181,154.6
184.721096231219,-21.1989272423946,155.6
184.716797429451,-21.1965311889502,156.6
184.714471848167,-21.1940646633456,157.6
184.711652961761,-21.1927961644633,158.6
184.709186436157,-21.1911048326202,159.6
184.706719910552,-21.188849723496,160.6
184.703901024147,-21.1873698081333,161.6
184.701293554222,-21.1855375319699,162.6
184.699108917258,-21.1841985609274,163.6
184.697065224614,-21.1828595898849,164.6
184.695021531971,-21.1811682580418,165.6
184.692766422846,-21.1798292869993,166.6
184.691216035324,-21.1782084273163,167.6
184.68938375916,-21.1763761511529,168.6
184.688115260278,-21.1752485965908,169.6
184.686001095474,-21.1739800977085,170.6
184.684662124431,-21.1722887658654,171.6
184.68367551419,-21.1705974340222,172.6
184.682407015307,-21.1697517681007,173.6
184.680504266984,-21.1689765743392,174.6
184.678037741379,-21.167778547617,175.6
184.675571215775,-21.1670738260157,176.6
184.673527523131,-21.1662281600941,177.6
184.671483830487,-21.1655234384928,178.6
184.669722026484,-21.1643254117706,179.6
184.667960222481,-21.1636206901693,180.6
184.665987001997,-21.1626340799275,181.6
184.664788975275,-21.161295108885,182.6
184.662886226951,-21.1597447213622,183.6
184.661617728069,-21.1587581111203,184.6
184.660490173507,-21.157489612238,185.6
184.659362618945,-21.1565734741563,186.6
184.658235064383,-21.155304975274,187.6
184.657248454141,-21.1537545877511,188.6
184.656402788219,-21.1524860888687,189.6
184.655768538778,-21.151006173506,190.6
184.655486650138,-21.1491738973426,191.6
184.654781928536,-21.1476235098197,192.6
184.654359095575,-21.1459321779766,193.6
184.653724846134,-21.1444522626139,194.6
184.653231541013,-21.1430428194113,195.6
184.652949652373,-21.1412105432479,196.6
184.652562055492,-21.1401534608459,197.6
184.652473965292,-21.1394135031646,198.6
184.652333020972,-21.1387263996033,199.6
184.651980660171,-21.1381802403623,200.6
184.65166353545,-21.1375636089611,201.6
184.65127593857,-21.1364712904791,202.6
184.651029286009,-21.1355727704375,203.6
184.650941195809,-21.1348151947161,204.6
184.650465508728,-21.1340928550747,205.6
184.650218856168,-21.1335643138737,206.6
184.650095529888,-21.1328948283525,207.6
184.649972203607,-21.1321372526311,208.6
184.649796023207,-21.1316439475102,209.6
184.649690314967,-21.1309039898288,210.6
184.649426044366,-21.1302521223476,211.6
184.649267482006,-21.129371220346,212.6
184.649285100046,-21.1289660054252,213.6
184.649320336126,-21.1281203395037,214.6
184.649302718086,-21.1276798885029,215.6
184.649091301606,-21.127221819462,216.6
184.648950357285,-21.1264994798207,217.6
184.648721322765,-21.1258476123395,218.6
184.648703704725,-21.125072418578,219.6
184.648492288245,-21.1244029330568,220.6
184.648457052165,-21.1237686836156,221.6
184.648386580004,-21.1231696702545,222.6
184.648333725884,-21.1224473306132,223.6
184.648316107844,-21.1219187894122,224.6
184.648298489804,-21.1213197760511,225.6
184.648192781564,-21.1208088528901,226.6
184.648087073324,-21.120209839529,227.6
184.647981365084,-21.119663680288,228.6
184.647910892924,-21.1190646669269,229.6
184.647540914083,-21.1182542370854,230.6
184.647452823883,-21.1172852448836,231.6
184.647206171322,-21.1166509954425,232.6
184.646871428562,-21.1158053295209,233.6
184.646748102281,-21.1149596635993,234.6
184.646519067761,-21.114237323958,235.6
184.647188553282,-21.1162457805217,236.6
184.646360505401,-21.1135326023567,237.6
184.64616670696,-21.1126869364351,238.6
184.64593767244,-21.1120350689539,239.6
184.645743874,-21.1112951112726,240.6
184.645497221439,-21.1105903896712,241.6
184.645321041039,-21.1097271057097,242.6
184.645003916318,-21.1088990578281,243.6
184.644686791598,-21.1081767181868,244.6
184.644492993157,-21.1074191424654,245.6
184.644510611197,-21.1069258373445,246.6
184.644422520997,-21.1064281277136,247.6
184.644241936087,-21.106106598483,248.6
184.644096587256,-21.1057586421923,249.6
184.644026115096,-21.1054679445318,250.6
184.643836721166,-21.1047896499905,251.6
184.643369843105,-21.1038162532787,252.6
184.642770829744,-21.1025301363563,253.6
184.642471323063,-21.1016316163147,254.6
184.642295142663,-21.1005040617526,255.6
184.642030872063,-21.0995174515108,256.6
184.64086808142,-21.0983370428286,257.6
184.639916707259,-21.0966104749054,258.6
184.639211985657,-21.0946020183417,259.6
184.639211985657,-21.0922059648973,260.6
184.639458638218,-21.0904793969741,261.6
184.64048048454,-21.0886471208107,262.6
184.642030872063,-21.086638664247,263.6
184.643369843105,-21.0855111096849,264.6
184.644955466708,-21.0840664304022,265.6
184.64587160479,-21.0832560005607,266.6
184.646893451112,-21.0817056130378,267.6
184.648338130394,-21.0799790451146,268.6
184.649747573597,-21.079062907033,269.6
184.650734183839,-21.0779001163908,270.6
184.651685558,-21.0765259092683,271.6
184.653059765123,-21.0754335907862,272.6
184.654011139285,-21.0741298558238,273.6
184.654680624806,-21.0732137177421,274.6
184.655526290728,-21.0720509271,275.6
184.656548137049,-21.070958608618,276.6
184.657147150411,-21.0697605818958,277.6
184.658415649293,-21.0689853881343,278.6
184.659578439935,-21.0671531119709,279.6
184.660494578017,-21.0657084326883,280.6
184.661727840819,-21.0645456420461,281.6
184.662643978901,-21.0638056843647,282.6
184.663736297383,-21.062889546283,283.6
184.665110504505,-21.0617267556409,284.6
184.666519947708,-21.0605992010788,285.6
184.66778844659,-21.0595068825968,286.6
184.668704584672,-21.0583088558746,287.6
184.669867375314,-21.0573574817128,288.6
184.670959693796,-21.0564765797112,289.6
184.672439609159,-21.0556661498697,290.6
184.673849052361,-21.0550671365086,291.6
184.675575620285,-21.0548557200282,292.6
184.676703174847,-21.0541509984269,293.6
184.677936437649,-21.0533405685854,294.6
184.679134464371,-21.0525301387439,295.6
184.679909658133,-21.0510149873011,296.6
184.681354337415,-21.0497464884187,297.6
184.682200003337,-21.0486189338567,298.6
184.68360944654,-21.0473856710544,299.6
184.685018889742,-21.0462228804122,300.6
184.686674985505,-21.0453419784106,301.6
184.688049192628,-21.0445667846492,302.6
184.690374773912,-21.044496312489,303.6
184.691748981035,-21.0438972991279,304.6
184.693581257198,-21.0435801744073,305.6
184.696259199283,-21.0425935641655,306.6
184.701192250492,-21.0405851076018,307.6
184.704610150258,-21.0388233035985,308.6
184.707006203703,-21.0384004706378,309.6
184.711833546672,-21.0370967356753,310.6
184.718457929724,-21.0389290118387,311.6
184.721417760449,-21.041747898244,312.6
184.728183087822,-21.0447077289694,313.6
184.734243693593,-21.0466809494531,314.6
184.745378294894,-21.0494998358583,315.6
184.749747568822,-21.0517549449825,316.6
184.757217617796,-21.05584233027,317.6
184.762714446286,-21.0619029360412,318.6
184.765815221332,-21.0676816531719,319.6
184.768211274776,-21.0723328157405,320.6
184.772298660064,-21.0783934215117,321.6
184.776386045351,-21.0857225261653,322.6
184.784137982965,-21.0941791853809,323.6
184.801615078678,-21.095870517224,324.6
184.817682731187,-21.095870517224,325.6
184.827830722246,-21.1020720673155,326.6
184.84051571107,-21.1060185082828,327.6
184.808944183331,-21.015250366035,328.6
184.804433965083,-21.0330093503878,329.6
184.80302452188,-21.0414660096034,330.6
184.800205635475,-21.0561242189105,331.6
184.79766863771,-21.0733194259823,332.6
184.796541083148,-21.0910784103352,333.6
184.794285974024,-21.1139113902174,334.6
184.788930089854,-21.1139113902174,335.6
184.788648201214,-21.1260326017598,336.6
184.768070330456,-21.100733096273,337.6
184.753623537629,-21.1009445127534,338.6
184.793158419462,-21.1037633991586,339.6
184.675822272845,-21.0571636832725,340.6
184.679486825172,-21.060722527359,341.6
184.681389573495,-21.0631890529636,342.6
184.682376183737,-21.0656203424881,343.6
184.683398030059,-21.0679459237724,344.6
184.685794083504,-21.0732665718622,345.6
184.684631292861,-21.0699896164162,346.6
184.684701765022,-21.069919144256,347.6
184.670484006715,-21.0731960997021,348.6
184.669532632553,-21.0739360573835,349.6
184.668457932111,-21.0749226676253,350.6
184.66775321051,-21.0756097711866,351.6
184.666784218308,-21.0772306308696,352.6
184.665815226107,-21.079115761153,353.6
184.665321920986,-21.0799966631547,354.6
184.664899088025,-21.0808423290762,355.6
184.664423400944,-21.0819170295182,356.6
184.664053422103,-21.0831679103605,357.6
184.663736297383,-21.0842426108025,358.6
184.663348700502,-21.0852116030043,359.6
184.663031575781,-21.0862334493262,360.6
184.666097114747,-21.078005824631,361.6
184.670730659276,-21.0761911665076,362.6
184.673831434321,-21.0761911665076,363.6
184.677566458808,-21.0759797500273,364.6
184.680032984413,-21.0752045562658,365.6
184.682640454338,-21.0746407789848,366.6
184.674818044563,-21.079644302354,367.6
184.673972378642,-21.0847182978834,368.6
184.674818044563,-21.0906379593344,369.6
184.676227487766,-21.0969804537461,370.6
184.677073153687,-21.1034638924781,371.6
184.682006204896,-21.1102292198506,372.6
184.692436084596,-21.1107929971316,373.6
184.701174632452,-21.1109339414519,374.6
184.708080904145,-21.109383553929,375.6
184.714564342877,-21.1060008902428,376.6
184.727813108981,-21.1038867254389,377.6
184.73810204436,-21.102900115197,378.6
184.745994926295,-21.1017725606349,379.6
184.720624948648,-21.0606168191188,380.6
184.717383229282,-21.0683687567332,381.6
184.718510783844,-21.075838805707,382.6
184.717947006563,-21.0833088546808,383.6
184.718369839524,-21.0899332377331,384.6
184.717806062243,-21.0974032867069,385.6
184.718087950883,-21.0976851753474,386.6
184.719638338406,-21.1096654425695,387.6
184.720202115687,-21.119672489308,388.6
184.712873011034,-21.1231960973146,389.6
184.703570685896,-21.1193906006675,390.6
184.690603808432,-21.1168536029028,391.6
184.675945599125,-21.1171354915434,392.6
184.668052717191,-21.1147394380989,393.6
184.664247220544,-21.106141834563,394.6
184.768264128896,-21.1209409881904,395.6
184.760300774801,-21.1149508545793,396.6
184.749377589981,-21.1121319681741,397.6
184.734155603393,-21.1134004670565,398.6
184.772175333783,-21.1265082888407,399.6
184.775381817069,-21.1289043422851,400.6
184.773710305521,-21.1283493740241,401.6
184.774152958777,-21.1286576897247,402.6
184.780803768889,-21.1311418333692,403.6
184.784679737696,-21.131000889049,404.6
184.781790379131,-21.1287105438448,405.6
184.801416875727,-21.1357929959378,406.6
184.802262541649,-21.136427245379,407.6
184.80307297149,-21.1373433834607,408.6
184.804799539413,-21.1382242854623,409.6
184.803319624051,-21.1370967309003,410.6
184.806561343417,-21.1395280204248,411.6
184.80839361958,-21.1402327420261,412.6
184.811036325585,-21.1409022275473,413.6
184.812375296627,-21.1420297821094,414.6
184.81389044807,-21.1425230872303,415.6
184.815370363433,-21.1431925727515,416.6
184.817061695276,-21.1438268221927,417.6
184.818823499279,-21.1446372520342,418.6
184.820303414642,-21.1454476818757,419.6
184.821712857845,-21.1455533901159,420.6
184.823756550489,-21.1459762230767,421.6
184.825518354492,-21.1462581117172,422.6
184.827103978095,-21.1464342921175,423.6
184.828583893457,-21.1467514168381,424.6
184.83013428098,-21.1468571250783,425.6
184.831790376743,-21.1456943344362,426.6
184.831614196343,-21.1442496551535,427.6
184.829218142899,-21.1428402119509,428.6
184.826540200814,-21.1431221005914,429.6
184.823862258729,-21.1431925727515,430.6
184.822382343366,-21.1429811562711,431.6
184.820197706402,-21.1425935593904,432.6
184.817484528237,-21.1413602965881,433.6
184.814736113992,-21.1404793945865,434.6
184.812340060547,-21.1393518400244,435.6
184.809027869021,-21.1378014525016,436.6
184.807477481498,-21.1367091340195,437.6
184.806314690856,-21.1361805928186,438.6
184.804623359013,-21.1349473300163,439.6
184.80289679109,-21.1339959558545,440.6
184.801381639647,-21.1329741095326,441.6
184.803566276611,-21.1318465549705,442.6
184.801716382408,-21.1320227353709,443.6
184.802597284409,-21.1325512765718,444.6
184.80291440913,-21.1329388734526,445.6
184.803478186411,-21.1335026507336,446.6
184.804077199772,-21.1338726295743,447.6
184.804517650773,-21.134260226455,448.6
184.805151900214,-21.1346478233357,449.6
184.805662823375,-21.1350178021764,450.6
184.806279454776,-21.135352544937,451.6
184.807266065018,-21.1357225237777,452.6
184.8080941129,-21.1360044124182,453.6
184.809521174142,-21.1365329536192,454.6
184.810666346744,-21.1370438767802,455.6
184.811688193066,-21.1375724179811,456.6
184.812939073909,-21.138048105062,457.6
184.81394330219,-21.1385061741029,458.6
184.814418989271,-21.1383123756625,459.6
184.815969376794,-21.1392725588443,460.6
184.816903132916,-21.1395544474848,461.6
184.817766416877,-21.1397130098451,462.6
184.817766416877,-21.1397130098451,463.6
184.818726600059,-21.1399684714256,464.6
184.81926835479,-21.1400521571157,465.6
184.819893795211,-21.1401490563359,466.6
184.820241751502,-21.140219528496,467.6
184.821056585854,-21.1402811916361,468.6
184.821395733124,-21.1403516637963,469.6
184.821933083345,-21.1404001134064,470.6
184.822254612576,-21.1404133269364,471.6
184.823540729498,-21.1375724179811,472.6
184.823558347538,-21.1382242854623,473.6
184.823294076938,-21.1386999725432,474.6
184.822871243977,-21.1387704447033,475.6
184.822131286296,-21.1375724179811,476.6
184.822201758456,-21.1369381685399,477.6
184.821708453335,-21.1361101206584,478.6
184.820933259573,-21.1354053990571,479.6
184.819788086971,-21.1355639614174,480.6
184.823417403218,-21.1368853144198,481.6
184.824967790741,-21.1371495850203,482.6
184.825425859782,-21.1385414101829,483.6
184.826606268464,-21.1388409168635,484.6
184.828878995628,-21.1392461317842,485.6
184.822360320816,-21.1414924318884,486.6
184.824941363681,-21.1417302754288,487.6
184.820307819152,-21.1409903177474,488.6
184.831178149852,-21.139695391805,489.6
184.833353977796,-21.140197505946,490.6
184.834657712759,-21.1403032141862,491.6
184.837177092483,-21.140206314966,492.6
184.839167931007,-21.1400477526057,493.6
184.841881109172,-21.1395192114047,494.6
184.843607677095,-21.1386911635232,495.6
184.8409693756,-21.1405322487066,496.6
184.840172159289,-21.1408097328371,497.6
184.839269234737,-21.1409594861774,498.6
184.841837064072,-21.1402415510461,499.6
184.842506549593,-21.1400301345657,500.6
184.844153836336,-21.1394443347346,501.6
184.844889389508,-21.1390126927538,502.6
184.840286676549,-21.1412017342278,503.6
184.836978889533,-21.141831579159,504.6
184.834842702179,-21.1422015579997,505.6
184.835899784581,-21.1426596270405,506.6
184.837732060744,-21.1446328475242,507.6
184.83514220886,-21.1441923965234,508.6
184.834745802959,-21.1450028263649,509.6
184.834428678238,-21.1475486331496,510.6
184.837353272884,-21.1498037422737,511.6
184.837212328563,-21.1522702678783,512.6
184.834182025678,-21.1520588513979,513.6
184.827134809665,-21.1505789360352,514.6
184.822765535737,-21.152129323558,515.6
184.818184845328,-21.1471258001888,516.6
184.815013598122,-21.1454344683457,517.6
184.810714796354,-21.1431088870614,518.6
184.806697883227,-21.1421927489797,519.6
184.803526636021,-21.1419813324993,520.6
184.803667580341,-21.1458573013064,521.6
184.807402604828,-21.1488876041921,522.6
184.809798658273,-21.146702967228,523.6
184.811067157155,-21.1451525797051,524.6
184.811137629315,-21.1463506064274,525.6
184.810573852034,-21.1464210785875,526.6
184.811771878756,-21.1482533547509,527.6
184.810996684995,-21.1500856309143,528.6
184.809305353152,-21.1500856309143,529.6
184.817480123727,-21.1504379917149,530.6
184.832843054635,-21.1419813324993,531.6
184.797060815329,-21.1310581476791,532.6
184.796514656088,-21.1323090285214,533.6
184.795862788607,-21.1334189650435,534.6
184.794840942285,-21.1343351031251,535.6
184.794118602644,-21.1351807690467,536.6
184.793220082602,-21.1357445463278,537.6
184.79235679864,-21.1370306632501,538.6
184.790471668357,-21.1384929605728,539.6
184.788005142752,-21.1387924672534,540.6
184.791176389958,-21.1421927489797,541.6
184.788815572594,-21.1445007122239,542.6
184.785203874387,-21.1417699160189,543.6
184.78122219734,-21.1412061387379,544.6
184.780024170618,-21.1392681543343,545.6
184.778156658374,-21.1377530028915,546.6
184.78685997015,-21.1376120585712,547.6
184.78139837774,-21.1360969071284,548.6
184.78682473407,-21.1343351031251,549.6
184.782913529183,-21.1332427846431,550.6
184.78682473407,-21.146139189947,551.6
184.787952288632,-21.1514950741169,552.6
184.782807820943,-21.1496627979535,553.6
184.778509019175,-21.1535387667607,554.6
184.77597202141,-21.1562871810057,555.6
184.773646440126,-21.1607973992541,556.6
184.762511838825,-21.172636722156,557.6
184.76511930875,-21.1758079693618,558.6
184.767656306515,-21.1787678000873,559.6
184.772236996923,-21.1792258691281,560.6
184.775443480209,-21.1807410205709,561.6
184.765612613871,-21.1723195974354,562.6
184.76506645463,-21.1804635364404,563.6
184.766462684303,-21.1804811544805,564.6
184.782574381912,-21.1887175881957,565.6
184.760587067952,-21.1849120915487,566.6
184.745646970004,-21.1771601539343,567.6
184.73268009254,-21.1685625503984,568.6
184.726760431089,-21.1729318243265,569.6
184.873976773601,-21.1558070894148,570.6
184.871651192317,-21.1556661450946,571.6
184.872919691199,-21.151578759807,572.6
184.874188190082,-21.1495350671632,573.6
184.876584243526,-21.1529882030096,574.6
184.874963383843,-21.1546090626926,575.6
184.876020466245,-21.1505216774051,576.6
184.875280508564,-21.1475618466796,577.6
184.875967612125,-21.1463462019173,578.6
184.877042312567,-21.1447429602744,579.6
184.877359437288,-21.1453243555955,580.6
184.877905596529,-21.1463109658373,581.6
184.878275575369,-21.1446548700742,582.6
184.878064158889,-21.1438796763128,583.6
184.87869840833,-21.1457648065963,584.6
184.87850460989,-21.1421354903495,585.6
184.87853984597,-21.1405146306666,586.6
184.877288965127,-21.1426816495906,587.6
184.875897139965,-21.1442848912335,588.6
184.875421452884,-21.1455710081559,589.6
184.874205808122,-21.146716180758,590.6
184.87341299632,-21.1476499368797,591.6
184.872567330399,-21.1485836930015,592.6
184.870911234636,-21.1513321072466,593.6
184.870276985194,-21.1534110359704,594.6
184.869290374953,-21.154820479173,595.6
184.869748443994,-21.1565822831763,596.6
184.871052178956,-21.1582736150194,597.6
184.873553940641,-21.1587316840602,598.6
184.877218492967,-21.1578860181387,599.6
184.87841651969,-21.1551376038936,600.6
184.879861198972,-21.1532348555701,601.6
184.87859270009,-21.1502750248446,602.6
184.877429909448,-21.1486541651616,603.6
184.87862793617,-21.1633123744687,604.6
184.884970430582,-21.1689501472791,605.6
184.878064158889,-21.1686682586386,606.6
184.876654715686,-21.1779705837758,607.6
184.86256028366,-21.1765611405732,608.6
184.877535617688,-21.1397746729852,609.6
184.877852742409,-21.1372729113006,610.6
184.878028922809,-21.1347006774558,611.6
184.877218492967,-21.1319874992908,612.6
184.877606089848,-21.1295562097663,613.6
184.879649782492,-21.1287810160049,614.6
184.883138154418,-21.1282172387238,615.6
184.885675152183,-21.127265864562,616.6
184.887718844827,-21.1262087821601,617.6
184.889903481791,-21.125081227598,618.6
184.892475715636,-21.1237422565555,619.6
184.896069795802,-21.1224032855131,620.6
184.899064862608,-21.1206767175899,621.6
184.903011303575,-21.1193377465474,622.6
184.908649076386,-21.1192672743873,623.6
184.913018350314,-21.1204653011095,624.6
184.9165771944,-21.1216280917516,625.6
184.913511655434,-21.1228261184738,626.6
184.909565214467,-21.1226147019935,627.6
184.906816800222,-21.1222975772729,628.6
184.903117011815,-21.1217690360719,629.6
184.897303058605,-21.1244822142369,630.6
184.894554644359,-21.1265259068807,631.6
184.891876702274,-21.1270192120016,632.6
184.88951588491,-21.1266316151209,633.6
184.888775927229,-21.1274596630024,634.6
184.887542664426,-21.1279353500833,635.6
184.886591290265,-21.1281996206838,636.6
184.891718139914,-21.1252574079983,637.6
184.893638506278,-21.1246407765972,638.6
184.896140267962,-21.1237951106756,639.6
184.897937308046,-21.122914208674,640.6
184.899487695569,-21.1221390149126,641.6
184.88400143838,-21.128833870125,642.6
184.882521523017,-21.1291333768055,643.6
184.880389740173,-21.1297500082066,644.6
184.879702636612,-21.1307366184485,645.6
184.87871602637,-21.1313356318096,646.6
184.879279803651,-21.1324279502916,647.6
184.880090233493,-21.1332736162132,648.6
184.881217788055,-21.1337845393741,649.6
184.882574377137,-21.1330974358128,650.6
184.88412476466,-21.1313884859297,651.6
184.886309401624,-21.1301376050874,652.6
184.887859789147,-21.1308423266887,653.6
184.889815391591,-21.1291686128856,654.6
184.888229767988,-21.1292038489656,655.6
184.894325609839,-21.1283934191241,656.6
184.897391148805,-21.127794405763,657.6
184.897355912724,-21.1264554347206,658.6
184.902148019613,-21.1280058222434,659.6
184.904403128738,-21.1264201986405,660.6
184.900985228971,-21.1249755193578,661.6
184.902359436094,-21.1231784792745,662.6
184.906517293541,-21.1243412699166,663.6
184.907081070822,-21.1269487398415,664.6
184.905354502899,-21.1291686128856,665.6
184.904226948337,-21.13156466633,666.6
184.909265707787,-21.1316703745702,667.6
184.906623001782,-21.1320579714509,668.6
184.907503903783,-21.1317056106503,669.6
184.910076137628,-21.1258916574395,670.6
184.912243156552,-21.1242355616764,671.6
184.910358026269,-21.123971291076,672.6
184.913670217795,-21.1278648779232,673.6
184.910692769029,-21.1291509948455,674.6
184.91113322003,-21.1314061039697,675.6
184.913388329154,-21.1307190004084,676.6
184.914973952757,-21.1293624113259,677.6
184.916859083041,-21.1270015939616,678.6
184.91678861088,-21.1247817209175,679.6
184.914181140956,-21.124552686397,680.6
184.907274869263,-21.128886724245,681.6
184.919325608645,-21.1265611429607,682.6
184.919818913766,-21.1248698111176,683.6
184.918832303524,-21.13156466633,684.6
184.921157884808,-21.1290981407254,685.6
184.922849216652,-21.1260678378398,686.6
184.926513768978,-21.1257859491993,687.6
184.928275572982,-21.1258564213594,688.6
184.931799180988,-21.1273363367222,689.6
184.934477123073,-21.1276886975228,690.6
184.940608201004,-21.1293095572058,691.6
184.94349755957,-21.130507583928,692.6
184.948360138619,-21.1329036373725,693.6
184.952377051746,-21.1352996908169,694.6
184.956112076233,-21.1374138556208,695.6
184.958860490478,-21.141289824428,696.6
184.962172682004,-21.1404441585064,697.6
184.958649073998,-21.1363567732189,698.6
184.954843577351,-21.1321989157712,699.6
184.950192414782,-21.1307894725686,700.6
184.944766058452,-21.1285343634444,701.6
184.939551118602,-21.12613831,702.6
184.933701929312,-21.1252221719183,703.6
184.926513768978,-21.1236013122353,704.6
184.920382691047,-21.1225442298333,705.6
184.966260067292,-21.1420650181894,706.6
184.969008481537,-21.1452362653953,707.6
184.97069981338,-21.1477027909998,708.6
184.971827367942,-21.1506626217253,709.6
184.968938009377,-21.1551728399736,710.6
184.967458094014,-21.1583440871795,711.6
184.911503198871,-21.1335378868136,712.6
184.91115083807,-21.1363567732189,713.6
184.911644143191,-21.1403032141862,714.6
184.912912642073,-21.1432630449116,715.6
184.917000027361,-21.1460819313168,716.6
184.920100802406,-21.1482665682809,717.6
184.926302352498,-21.1443905994737,718.6
184.926584241138,-21.1384004658626,719.6
184.926231880338,-21.1324103322516,720.6
184.926654713299,-21.1281820026437,721.6
184.882186780256,-21.1591897531011,722.6
184.8842304729,-21.1576393655782,723.6
184.887119831466,-21.1562299223756,724.6
184.892546187796,-21.1555956729344,725.6
184.88958635707,-21.1512968711665,726.6
184.893462325877,-21.1610925014246,727.6
184.896210740122,-21.1585555036599,728.6
184.890291078671,-21.1658141361533,729.6
184.897549711165,-21.1658141361533,730.6
184.892757604276,-21.1720861584049,731.6
184.890009190031,-21.1768782652938,732.6
184.886133221224,-21.1787810136173,733.6
184.879367893851,-21.1833617040258,734.6
184.879015533051,-21.1888585325159,735.6
184.876126174485,-21.193227806444,736.6
184.868938014152,-21.1945667774865,737.6
184.864004962943,-21.1949896104473,738.6
184.852236112201,-21.1956238598884,739.6
184.826584245914,-21.1952010269277,740.6
184.825949996472,-21.1880833387545,741.6
184.820523640142,-21.1896337262774,742.6
184.81932561342,-21.1954124434081,743.6
184.823835831669,-21.1973856638917,744.6
184.826936606714,-21.1982313298133,745.6
184.81939608558,-21.1899156149179,746.6
184.800861907466,-21.1886471160355,747.6
184.803680793871,-21.1851939801892,748.6
184.796915466499,-21.1865329512316,749.6
184.786415114639,-21.183502648346,750.6
184.783807644714,-21.1821636773036,751.6
184.780354508868,-21.181881788663,752.6
184.717211453391,-21.1309304168888,753.6
184.715167760748,-21.1309656529689,754.6
184.709988056978,-21.1293095572058,755.6
184.706112088171,-21.1291333768055,756.6
184.70544260265,-21.1276886975228,757.6
184.701108564802,-21.1265259068807,758.6
184.699311524718,-21.1250459915179,759.6
184.696809763034,-21.1237774926356,760.6
184.69476607039,-21.1236365483153,761.6
184.690819629423,-21.1232489514346,762.6
184.685780869973,-21.1217337999918,763.6
184.683508142809,-21.1212581129109,764.6
184.677993696279,-21.1210290783905,765.6
184.675333372234,-21.1204829191495,766.6
184.67346585999,-21.120218648549,767.6
184.670083196304,-21.1195667810678,768.6
184.668409482501,-21.1182101919853,769.6
184.665255853335,-21.1165893323023,770.6
184.66271885557,-21.112642891335,771.6
184.66229602261,-21.1085555060474,772.6
184.661450356688,-21.1024244281161,773.6
184.661238940208,-21.0973504325867,774.6
184.659970441325,-21.0880481074495,775.6
184.659336191884,-21.0922764370573,776.6
184.659195247564,-21.0978437377076,777.6
184.659336191884,-21.1015082900344,778.6
184.658983831084,-21.1047500094004,779.6
184.659618080525,-21.1084145617272,780.6
184.659477136204,-21.1125019470147,781.6
184.660181857806,-21.1163779158219,782.6
184.661238940208,-21.1190558579068,783.6
184.663071216371,-21.1199719959885,784.6
184.665114909015,-21.1215928556715,785.6
184.667229073819,-21.1230022988741,786.6
184.670047960224,-21.1258211852793,787.6
184.672303069348,-21.126737323361,788.6
184.675615260874,-21.1276534614427,789.6
184.67864556376,-21.1301199870473,790.6
184.683860503609,-21.1315294302499,791.6
184.687172695136,-21.1314589580898,792.6
184.689991581541,-21.1321636796911,793.6
184.693515189547,-21.1329388734525,794.6
184.696545492433,-21.1343483166551,795.6
184.7001395726,-21.1347359135358,796.6
184.705002151649,-21.1350882743365,797.6
184.707891510214,-21.1355463433773,798.6
184.713775935585,-21.1368500783397,799.6
184.719977485676,-21.1369205504999,800.6
184.723712510163,-21.1368500783397,801.6
184.729702643774,-21.137554799941,802.6
184.734565222823,-21.1376957442613,803.6
184.739357329712,-21.1381890493822,804.6
184.745136046843,-21.1386823545031,805.6
184.74915295997,-21.1392461317842,806.6
184.754156483339,-21.1398099090652,807.6
184.758666701588,-21.1400917977057,808.6
184.763458808477,-21.1393870761044,809.6
184.77092885745,-21.1419240738691,810.6
184.773747743856,-21.1453067375554,811.6
184.777271351862,-21.1477027909998,812.6
184.769801302888,-21.1350178021764,813.6
184.761767476634,-21.1300847509672,814.6
184.759230478869,-21.1351587464966,815.6
184.749787209411,-21.1340311919345,816.6
184.743021882039,-21.1344540248953,817.6
184.739921106993,-21.1330445816927,818.6
184.734142389862,-21.1330445816927,819.6
184.728363672732,-21.1333264703332,820.6
184.721457401039,-21.1326217487319,821.6
184.806658242637,-21.1720156862448,822.6
184.806799186957,-21.1746231561696,823.6
184.804050772712,-21.1774420425748,824.6
184.802007080068,-21.1801904568199,825.6
184.795241752695,-21.1740593788885,826.6
184.795664585656,-21.1665893299147,827.6
184.783895734914,-21.1674349958363,828.6
184.769942247209,-21.1693377441598,829.6
184.770999329611,-21.1741298510487,830.6
184.864868246904,-21.1285343634444,831.6
184.864727302584,-21.1360044124182,832.6
184.864868246904,-21.1405146306665,833.6
184.865432024185,-21.1482665682808,834.6
184.865432024185,-21.1560185058952,835.6
184.861344638898,-21.1616562787056,836.6
184.872056407237,-21.1236013122352,837.6
184.865713912826,-21.100768332353,838.6
184.863176915061,-21.1133123768562,839.6
184.865291079865,-21.0956943368236,840.6
184.86796902195,-21.0814589604773,841.6
184.880090233492,-21.076948742229,842.6
184.893761832558,-21.0796266843139,843.6
184.886996505185,-21.0859691787256,844.6
184.84090771246,-21.1238832008758,845.6
184.845699819349,-21.114298987098,846.6
184.811732238166,-21.1016139982746,847.6
184.810886572244,-21.1276886975228,848.6
184.816383400734,-21.1141580427778,849.6
184.804544077833,-21.1090840472484,850.6
184.800597636865,-21.1151446530196,851.6
184.872761128839,-21.0335378915887,852.6
184.872056407237,-21.0422764394449,853.6
184.866418634427,-21.05045121002,854.6
184.861062750257,-21.0590488135559,855.6
184.852465146721,-21.0229670675692,856.6
184.836538438532,-21.0169064617979,857.6
184.836820327172,-21.0315646711051,858.6
184.835974661251,-21.0458000474514,859.6
184.834988051009,-21.0579212589938,860.6
184.833437663486,-21.0689149159741,861.6
184.821880229225,-21.0629952545232,862.6
184.901372825852,-21.011550577628,863.6
184.900809048571,-21.0257859539744,864.6
184.899258661048,-21.0405851076017,865.6
184.897849217845,-21.0500283770592,866.6
184.896016941682,-21.0610220340395,867.6
184.921527863649,-21.0572165373925,868.6
184.927165636459,-21.047209490654,869.6
184.936186072956,-21.0338197802292,870.6
184.944219899211,-21.0480551565755,871.6
184.944501787851,-21.0615858113206,872.6
184.938723070721,-21.0706062478172,873.6
184.926319970538,-21.0752574103858,874.6
184.913634981714,-21.0735660785427,875.6
184.860780861616,-20.9956238694386,876.6
184.825262892911,-20.9956238694386,877.6
184.774522937617,-21.0491827111376,878.6
184.790308701486,-21.0503102656997,879.6
185.063176905511,-21.2882242782997,880.6
185.05190135989,-21.3119029241034,881.6
185.038370705145,-21.3276886879726,882.6
185.028222714086,-21.3468571155281,883.6
185.009054286531,-21.3806837523906,884.6
185.010181841093,-21.4032348436323,885.6
185.028222714086,-21.4404441441811,886.6
185.0575391327,-21.4596125717366,887.6
185.10602397887,-21.491184099475,888.6
185.136467952046,-21.4472094715536,889.6
185.135340397484,-21.3908317434494,890.6
185.129702624674,-21.3547499974627,891.6
185.108279087994,-21.3028824876068,892.6
185.092493324125,-21.26680074162,893.6
185.119554633615,-21.2994998239205,894.6
184.715150142707,-21.1770720637341,895.6
184.730794962256,-21.1808775603811,896.6
184.740097287393,-21.1845421127079,897.6
184.753486997818,-21.1893342195968,898.6
184.768990873047,-21.192153106002,899.6
184.781112084589,-21.1955357696882,900.6
184.794219906373,-21.1993412663353,901.6
184.808173394079,-21.2004688208974,902.6
184.822126881785,-21.2049790391457,903.6
184.831711095563,-21.2075160369104,904.6
184.847214970791,-21.2077979255509,905.6
184.860604681216,-21.2103349233156,906.6
184.873007781399,-21.2086435914725,907.6
184.890343932791,-21.1993412663353,908.6
184.896263594242,-21.1914483844007,909.6
184.907539139863,-21.1776358410151,910.6
184.916277687719,-21.1691791817995,911.6
184.943620885849,-21.1581855248192,912.6
184.953768876908,-21.14239976095,913.6
184.919378462765,-21.1621319657865,914.6
184.907821028503,-21.1593130793813,915.6
184.934318560712,-21.1525477520088,916.6
184.942775219928,-21.1395808745448,917.6
184.692176218504,-21.1373257654206,918.6
184.70570687325,-21.1469099791983,919.6
184.71670053023,-21.1533934179303,920.6
184.731358739537,-21.1438092041526,921.6
184.712190311981,-21.1421178723095,922.6
184.701478543642,-21.1387352086232,923.6
184.694431327629,-21.1480375337604,924.6
184.728539853132,-21.1570579702571,925.6
184.672725902309,-21.1333793244533,926.6
184.686820334335,-21.1500107542441,927.6
184.718673750713,-21.162413854427,928.6
184.711908423341,-21.1601587453028,929.6
184.756446828543,-21.1784815069367,930.6
184.756164939903,-21.1714342909237,931.6
184.752500387576,-21.1598768566623,932.6
184.747426392047,-21.1556485270545,933.6
184.740942953315,-21.148883199682,934.6
184.72233830304,-21.1446548700742,935.6
184.768849928726,-21.1514201974467,936.6
184.78717269036,-21.1922940503222,937.6
184.786608913079,-21.1872200547929,938.6
184.778997919785,-21.1852468343092,939.6
184.768286151445,-21.1835555024661,940.6
184.824029630108,-21.200821181698,941.6
184.81930799538,-21.1983546560934,942.6
184.815361554412,-21.1941967986458,943.6
184.813599750409,-21.1915893287209,944.6
184.813811166889,-21.1993412663353,945.6
184.818744218098,-21.2009621260183,946.6
184.82473435171,-21.2027944021817,947.6
184.8302311802,-21.2032877073026,948.6
184.834318565487,-21.202442041381,949.6
184.839216380616,-21.2027239300215,950.6
184.843761834945,-21.2042038453843,951.6
184.848377761433,-21.2036048320232,952.6
184.847285442951,-21.2013144868189,953.6
184.844854153427,-21.2019839723402,954.6
184.850949995278,-21.2008564177781,955.6
184.85218325808,-21.1990946137748,956.6
184.854649783685,-21.197544226252,957.6
184.85715154537,-21.1972975736915,958.6
184.861591291458,-21.1948310480869,959.6
184.860393264736,-21.1926111750428,960.6
184.856129699048,-21.1922235781621,961.6
184.853698409523,-21.1935625492046,962.6
184.852641327121,-21.1887352062357,963.6
184.858138155611,-21.1905674823991,964.6
184.864973955144,-21.1907436627994,965.6
184.866630050907,-21.1900741772781,966.6
184.874910529722,-21.182991725185,967.6
184.877271347087,-21.1815118098223,968.6
184.877236111007,-21.1880304846344,969.6
184.867405244668,-21.1929282997634,970.6
184.882768175577,-21.182427947904,971.6
184.883261480698,-21.1796090614988,972.6
184.894642734559,-21.1772482441344,973.6
184.894360845918,-21.1817584623828,974.6
184.889145906069,-21.1861277363108,975.6
184.889004961748,-21.1835907385462,976.6
184.8844947435,-21.1914836204807,977.6
184.87392391948,-21.2037457763434,978.6
184.880689246853,-21.2000812240166,979.6
184.864762538664,-21.2055780525068,980.6
184.909582832506,-21.1699191394809,981.6
184.903663171055,-21.1749931350103,982.6
184.900985228971,-21.1593483154613,983.6
184.90634111314,-21.1400389435856,984.6
184.907750556343,-21.1510326005659,985.6
184.913106440513,-21.1555428188143,986.6
184.920999322447,-21.1541333756117,987.6
184.832204400683,-21.2133299901211,988.6
184.831358734762,-21.2200953174936,989.6
184.828821736997,-21.231652751755,990.6
184.825720961951,-21.2522306225131,991.6
184.826848516513,-21.2440558519379,992.6
184.850245273677,-21.2105111037159,993.6
184.854755491925,-21.2336259722387,994.6
184.853627937363,-21.2260149789446,995.6
184.827976071076,-21.2415188541733,996.6
184.843198057664,-21.2429282973759,997.6
184.842916169023,-21.2615329476503,998.6
184.857010601049,-21.2680163863822,999.6
184.867722369389,-21.271117161428,1000.6
184.881534912775,-21.2705533841469,1001.6
184.889427794709,-21.2601235044477,1002.6
184.897884453925,-21.2471566269837,1003.6
184.881534912775,-21.238136190487,1004.6
184.869977478513,-21.2358810813628,1005.6
184.866594814827,-21.2217866493368,1006.6
184.804015536631,-21.204591442265,1007.6
184.797532097899,-21.211638658278,1008.6
184.789075438684,-21.2043095536244,1009.6
184.795276988775,-21.2048733309055,1010.6
184.76567868152,-21.1975442262519,1011.6
184.752993692697,-21.1944434512062,1012.6
184.735798485625,-21.191624564801,1013.6
184.716066280789,-21.1834497942259,1014.6
184.701408071481,-21.1747112463697,1015.6
184.693515189547,-21.171610471324,1016.6
184.698307296436,-21.1639994780299,1017.6
184.657997220841,-21.1432806629516,1018.6
184.662225550449,-21.1428578299908,1019.6
184.66842710054,-21.1406027208666,1020.6
184.677729425678,-21.1403208322261,1021.6
184.663212160691,-21.1274948990824,1022.6
184.658842886763,-21.1328507832523,1023.6
184.654755501475,-21.1245350683569,1024.6
184.658842886763,-21.1225618478733,1025.6
184.674628650632,-21.1503278789646,1026.6
184.681534922325,-21.1534286540104,1027.6
184.697038797553,-21.1569522620169,1028.6
184.700280516919,-21.1527239324091,1029.6
184.697884463475,-21.1411664981477,1030.6
184.679420757521,-21.1407436651869,1031.6
184.686608917854,-21.1369381685399,1032.6
184.686045140573,-21.1463814379973,1033.6
184.6897096929,-21.1628719234678,1034.6
184.706482067011,-21.1707648054024,1035.6
184.715361559187,-21.1702010281214,1036.6
184.726073327527,-21.1631538121083,1037.6
184.726496160488,-21.1473680482392,1038.6
184.726214271847,-21.1524420437685,1039.6
184.738053594749,-21.1723151929253,1040.6
184.655037390116,-21.1074808056054,1041.6
184.653134641792,-21.105084752161,1042.6
184.650174811067,-21.0983194247885,1043.6
184.65207755939,-21.09373873438,1044.6
184.65214803155,-21.0912017366153,1045.6
184.653416530433,-21.1027591708767,1046.6
184.650527171867,-21.1095244982492,1047.6
184.657644860041,-21.0821813001186,1048.6
184.656869666279,-21.0864096297264,1049.6
184.655671639557,-21.0914131530957,1050.6
184.661379884527,-21.0765435273082,1051.6
184.664903492534,-21.0716104760991,1052.6
184.663705465812,-21.0748521954651,1053.6
184.802998094819,-21.1341897542948,1054.6
184.8032976015,-21.1343571256751,1055.6
184.803024521879,-21.1344187888152,1056.6
184.802839532459,-21.1342514174349,1057.6
184.803147848159,-21.1338990566342,1058.6
184.802998094819,-21.1338638205542,1059.6
184.802804296379,-21.1338197754541,1060.6
184.802733824219,-21.1338902476142,1061.6
184.802654543039,-21.1341897542948,1062.6
184.802645734019,-21.1340664280146,1063.6
184.801720786917,-21.1330533907127,1064.6
184.801685550837,-21.1331150538528,1065.6
184.801782450057,-21.1332559981731,1066.6
184.801835304177,-21.133229571113,1067.6
184.801861731237,-21.1329741095325,1068.6
184.802029102617,-21.1333881334733,1069.6
184.802293373218,-21.1334321785734,1070.6
184.802064338697,-21.1332912342531,1071.6
184.802081956738,-21.1331590989529,1072.6
184.802363845378,-21.1335466958336,1073.6
184.802601688918,-21.1337316852539,1074.6
184.802610497938,-21.1335819319137,1075.6
184.802654543039,-21.1336259770137,1076.6
184.801963034967,-21.1331018403228,1077.6
184.802288968708,-21.1333000432731,1078.6
184.802183260468,-21.1334806281835,1079.6
184.801518179457,-21.1333088522932,1080.6
184.801615078677,-21.1334674146534,1081.6
184.801778045547,-21.1335599093636,1082.6
184.801932203397,-21.1337316852539,1083.6
184.802139215368,-21.1338021574141,1084.6
184.800839884915,-21.132696625402,1085.6
184.800901548055,-21.1328551877623,1086.6
184.801016065316,-21.1329697050225,1087.6
184.801068919436,-21.1325380630417,1088.6
184.801399257686,-21.1325909171618,1089.6
184.801253908856,-21.1324059277415,1090.6
184.801249504346,-21.1327582885421,1091.6
184.801866135747,-21.1327979291322,1092.6
184.802156833408,-21.132696625402,1093.6
184.802134810858,-21.1330357726726,1094.6
184.802491576168,-21.1330533907127,1095.6
184.802443126558,-21.1333132568032,1096.6
184.802385867928,-21.133220762093,1097.6
184.802214092038,-21.1338594160442,1098.6
184.801976248497,-21.1336435950538,1099.6
184.804588122932,-21.13162192496,1100.6
184.804341470372,-21.1320799940009,1101.6
184.804086008791,-21.1324499728416,1102.6
184.804182908011,-21.1330842222827,1103.6
184.805231181393,-21.1318773865405,1104.6
184.805786149654,-21.1323530736214,1105.6
184.805962330055,-21.132670198342,1106.6
184.806358735955,-21.1330137501226,1107.6
184.806763950876,-21.133251593663,1108.6
184.805988757115,-21.1342734399849,1109.6
184.805151900213,-21.1340179784045,1110.6
184.805046191973,-21.1331458854229,1111.6
184.805195945313,-21.1325204450017,1112.6
184.802209687528,-21.1300539193971,1113.6
184.801892562807,-21.1304238982378,1114.6
184.801328785526,-21.1306000786381,1115.6
184.800165994884,-21.1302300997975,1116.6
184.798668461481,-21.1297720307566,1117.6
184.80353104053,-21.1301948637174,1118.6
184.803795311131,-21.1306000786381,1119.6
184.804288616252,-21.1309348213988,1120.6
184.808006022698,-21.134863644326,1121.6
184.809450701981,-21.1357093102476,1122.6
184.810824909104,-21.135920726728,1123.6
184.811811519346,-21.1365197400891,1124.6
184.812128644066,-21.1349341164861,1125.6
184.810965853424,-21.1341589227247,1126.6
184.809591646301,-21.1336303815237,1127.6
184.808111730939,-21.1331723124829,1128.6
184.801452111806,-21.1286973303146,1129.6
184.798950350122,-21.1280983169535,1130.6
184.798421808921,-21.1281335530336,1131.6
184.796131463717,-21.1280630808734,1132.6
184.796448588437,-21.1270764706316,1133.6
184.796871421398,-21.1257727356692,1134.6
184.799549363483,-21.1265126933506,1135.6
184.795285797795,-21.124574708947,1136.6
184.793982062833,-21.1235880987052,1137.6
184.793664938112,-21.1251737223081,1138.6
184.79278403611,-21.126759345911,1139.6
184.780063811207,-21.1246451811071,1140.6
184.778918638605,-21.1245218548269,1141.6
184.778037736603,-21.1244337646267,1142.6
184.778037736603,-21.1250680140679,1143.6
184.777209688722,-21.1264774572705,1144.6
184.777015890281,-21.1276754839927,1145.6
184.779905248847,-21.1258079717493,1146.6
184.782142739931,-21.1257551176292,1147.6
184.783340766653,-21.1265303113906,1148.6
184.786776284459,-21.1266536376708,1149.6
184.786529631899,-21.1274288314323,1150.6
184.7869700829,-21.1283273514739,1151.6
184.783499329013,-21.1285035318743,1152.6
184.782706517212,-21.1297720307566,1153.6
184.7763640228,-21.131075765719,1154.6
184.787639568421,-21.1312167100393,1155.6
184.789084247703,-21.1293139617158,1156.6
184.789824205385,-21.1279045185132,1157.6
184.79253738355,-21.1285035318743,1158.6
184.793876354592,-21.128926364835,1159.6
184.79246691139,-21.1306176966782,1160.6
184.794581076194,-21.1304767523579,1161.6
184.794334423633,-21.1314633625997,1162.6
184.785349223217,-21.1251913403481,1163.6
184.784045488254,-21.1233943002648,1164.6
184.78171990697,-21.1238523693057,1165.6
184.782565572891,-21.1219143849021,1166.6
184.783411238813,-21.1206811220998,1167.6
184.784961626336,-21.1201525808988,1168.6
184.78718149938,-21.121315371541,1169.6
184.789507080664,-21.121879148822,1170.6
184.791550773308,-21.1226543425834,1171.6
184.782741753292,-21.119165970657,1172.6
184.781015185369,-21.1187431376962,1173.6
184.778548659764,-21.118108888255,1174.6
184.777526813442,-21.1170518058531,1175.6
184.77657543928,-21.1156423626505,1176.6
184.775694537279,-21.1180031800148,1177.6
184.774461274476,-21.1196592757779,1178.6
184.774214621916,-21.12078683034,1179.6
184.777103980481,-21.1204697056194,1180.6
184.776998272241,-21.1221962735426,1181.6
184.779887630806,-21.1210334829005,1182.6
184.779640978246,-21.1227952869037,1183.6
184.773756552875,-21.1125415876047,1184.6
184.769175862467,-21.1071857034348,1185.6
184.765863670941,-21.1040849283891,1186.6
184.763679033976,-21.0968967680558,1187.6
184.763044784535,-21.0912589952454,1188.6
184.759309760048,-21.095910157814,1189.6
184.748245630908,-21.0892153026016,1190.6
184.739013777931,-21.0930207992486,1191.6
184.759591648689,-21.1220553292223,1192.6
184.75465859748,-21.1190954984969,1193.6
234.980449010994,-8.48870498110148,51406.4
150.309219,-36.324032,4196.3
150.186707,-36.729916,4197.3
150.206879,-37.156887,4198.3
150.141617,-37.551445,4199.3
151.408264,-34.082188,4190.3
151.091644,-34.419964,4191.3
151.008286,-34.835716,4192.3
150.93222,-35.234348,4193.3
150.599564,-35.517059,4194.3
150.391617,-35.906982,4195.3
151.774994,-33.298069,4188.3
151.531158,-33.668812,4189.3
150.091843,-20.26796,4146.3
150.327896,-20.491579,4147.3
150.718079,-20.565079,4148.3
150.93222,-20.30109,4149.3
151.213318,-20.599323,4150.3
151.547897,-20.889635,4151.3
151.915543,-20.868309,4152.3
150.13121,-16.215631,3143.3
150.064606,-16.916883,3174.3
150.100067,-16.567467,3175.3
150.358612,-16.35965,3176.3
150.433655,-16.699205,3177.3
150.23143,-17.022713,3178.3
151.423538,-10.150805,4076.3
151.248749,-10.482631,4077.3
151.275253,-10.761642,4078.3
151.213623,-11.008655,4079.3
151.640289,-11.122902,4080.3
151.632172,-11.180274,4082.3
151.182434,-11.152751,4083.3
150.767899,-10.975694,4084.3
150.358231,-10.907525,4085.3
150.301651,-9.041764,4060.3
150.6633,-9.053435,4061.3
150.617828,-9.001196,4062.3
150.58519,-8.770926,4063.3
150.361176,-8.623762,4064.3
150.023071,-8.683032,4065.3
150.089417,-8.277329,4066.3
150.388031,-8.278434,4067.3
150.826263,-8.298706,4068.3
151.228302,-8.263709,4069.3
151.378601,-8.631915,4070.3
151.209778,-8.756368,4071.3
151.028229,-9.004697,4072.3
151.041595,-9.220839,4073.3
151.107376,-9.625171,4074.3
151.356522,-9.775934,4075.3
150.34166,-6.454584,2458.3
151.111755,-6.170211,2517.3
150.73024,-6.304497,2518.3
150.34166,-6.454584,2519.3
150.333588,-4.95273,2475.3
150.284637,-5.299267,2476.3
150.670609,-5.280861,2477.3
150.928802,-5.038952,2478.3
150.964645,-4.866739,2479.3
151.307068,-4.744051,2480.3
151.386154,-4.501127,2481.3
151.331451,-4.10425,2482.3
151.713547,-4.01054,2483.3
151.77533,-5.75387,2515.3
151.466721,-5.961938,2516.3
151.781784,-3.5625,2487.3
151.4478,-3.306338,2488.3
151.096268,-3.118483,2489.3
150.697968,-3.173571,2490.3
150.509766,-2.888671,2491.3
150.109192,-2.83954,2492.3
150.058731,-2.192478,2496.3
150.439758,-2.224023,2497.3
150.788666,-2.376144,2498.3
151.155807,-2.573881,2499.3
151.52002,-2.755325,2500.3
151.727234,-2.721036,2501.3
151.962387,-2.410093,2502.3
150.108337,-1.823391,2224.3
150.117752,-1.519731,2230.3
150.108337,-1.823391,2231.3
151.998688,7.008333,1797.3
151.685883,7.154646,1798.3
151.380051,7.322228,1799.3
151.625763,7.574832,1800.3
151.941208,7.656698,1801.3
151.998688,7.008333,1803.3
150.425003,8.412467,1700.3
150.147659,8.540961,1701.3
150.187668,9.153639,1705.3
150.241287,8.841318,1706.3
150.542953,8.685991,1707.3
150.425003,8.412467,1708.3
152.814285,-32.050995,4184.3
152.720184,-32.436855,4185.3
152.408264,-32.725056,4186.3
152.064835,-32.97496,4187.3
153.497498,-30.084538,4179.3
153.285675,-30.473818,4180.3
153.272369,-30.88921,4181.3
153.150391,-31.299582,4182.3
153.023087,-31.705044,4183.3
153.799377,-28.351046,4175.3
153.807983,-28.794777,4176.3
153.7612,-29.240702,4177.3
153.661987,-29.676483,4178.3
153.740601,-26.301073,4170.3
153.534531,-26.697523,4171.3
153.641571,-27.08898,4172.3
153.724945,-27.474068,4173.3
153.779526,-27.912907,4174.3
152.713303,-24.055746,4164.3
153.115952,-24.28166,4165.3
153.434891,-24.617514,4166.3
153.613098,-25.032438,4167.3
153.739456,-25.465487,4168.3
153.7966,-25.912172,4169.3
152.934509,-22.165483,4158.3
152.788101,-22.550507,4159.3
152.372604,-22.647636,4160.3
152.028412,-22.941105,4161.3
152.145752,-23.352501,4162.3
152.412857,-23.727903,4163.3
152.252228,-20.885811,4153.3
152.630447,-20.908594,4154.3
152.958008,-21.122707,4155.3
152.769623,-21.44964,4156.3
152.846375,-21.863062,4157.3
152.741669,-10.907228,2969.3
152.399979,-10.749963,2970.3
152.3479,-10.61967,2971.3
152.637344,-10.46079,2972.3
152.990509,-10.527646,2973.3
153.027939,-10.854579,2974.3
152.741669,-10.907228,2975.3
153.708328,-11.807724,3006.3
153.321625,-11.741343,3007.3
152.932434,-11.585835,3008.3
152.530212,-11.421264,3009.3
152.149292,-11.261391,3010.3
152.256653,-10.944418,3011.3
152.65538,-10.905852,3012.3
153.011887,-10.977251,3013.3
153.370346,-11.13828,3014.3
153.722855,-11.325255,3015.3
153.959991,-11.574798,3019.3
153.708328,-11.807724,3020.3
152.05217,-11.212332,4081.3
152.991669,-9.40655,2827.3
152.592697,-9.375703,2828.3
152.301147,-9.083935,2829.3
152.41716,-8.768014,2830.3
152.825989,-8.827967,2831.3
153.156509,-9.076262,2832.3
152.991669,-9.40655,2833.3
153.725006,-4.270819,2352.3
153.395538,-4.148972,2353.3
153.725006,-4.270819,2356.3
152.409164,-4.075233,2485.3
153.271469,-4.211714,2508.3
153.220596,-4.628282,2509.3
152.99559,-4.98569,2510.3
152.646317,-4.843206,2511.3
152.470795,-4.943977,2512.3
152.287598,-5.224821,2513.3
152.16214,-5.599922,2514.3
152.641663,-3.389186,2299.3
152.370132,-3.20131,2300.3
152.464218,-2.888322,2301.3
152.604721,-2.594459,2302.3
152.839584,-2.78444,2303.3
152.838898,-3.126711,2304.3
152.641663,-3.389186,2305.3
153.40834,-3.555114,2306.3
153.100769,-3.499079,2307.3
153.173935,-3.210688,2308.3
153.481995,-3.267903,2309.3
153.40834,-3.555114,2310.3
153.575836,-3.843808,2354.3
153.905731,-3.95642,2355.3
152.121948,-3.977004,2484.3
152.151108,-3.731762,2486.3
152.188873,-2.686327,2503.3
152.206131,-3.074794,2504.3
152.429977,-3.365441,2505.3
152.709473,-3.660174,2506.3
153.061569,-3.84826,2507.3
153.208328,5.77777,1861.3
152.933167,5.921011,1862.3
153.208328,5.77777,1864.3
153.741669,5.144532,1896.3
153.429642,5.294277,1897.3
153.347504,5.611541,1898.3
153.656036,5.771831,1899.3
153.873245,5.474579,1900.3
153.741669,5.144532,1901.3
152.132599,7.331586,1802.3
152.774994,6.694777,1826.3
152.484238,6.827971,1827.3
152.491837,7.138013,1828.3
152.782639,7.005308,1829.3
152.774994,6.694777,1830.3
153.201263,6.077431,1863.3
153.991669,24.129864,998.3
153.813156,24.356665,999.3
153.991669,24.129864,1001.3
155.40834,-22.354757,3480.3
155.225784,-22.130754,3481.3
155.533295,-22.085463,3482.3
155.40834,-22.354757,3483.3
155.541672,-23.389952,3532.3
155.360687,-23.158367,3533.3
155.669418,-23.121519,3534.3
155.541672,-23.389952,3535.3
155.84166,-17.590384,3191.3
155.661041,-17.346455,3192.3
155.972534,-17.30802,3193.3
155.84166,-17.590384,3194.3
154.005402,-11.130963,3016.3
154.385391,-11.205062,3017.3
154.359085,-11.573459,3018.3
155.80162,-7.289995,2885.3
155.472702,-7.088172,2886.3
155.187027,-6.836613,2887.3
154.913834,-6.636008,2888.3
154.88063,-6.363887,2889.3
154.774658,-6.20828,2890.3
155.936523,-6.222055,2899.3
154.546417,-5.912338,2891.3
154.443726,-5.51749,2892.3
154.353653,-5.117274,2893.3
154.606567,-4.82698,2894.3
154.871719,-5.108419,2895.3
155.091385,-5.378194,2896.3
155.322586,-5.704414,2897.3
155.616684,-5.968766,2898.3
154.741669,-3.622156,2311.3
154.509933,-3.395513,2312.3
154.294266,-3.20272,2313.3
154.43718,-2.932742,2314.3
154.704208,-3.08194,2315.3
154.905548,-3.346957,2316.3
154.741669,-3.622156,2317.3
154.808334,0.878724,2034.3
154.611847,1.156355,2035.3
154.939987,1.190007,2036.3
154.808334,0.878724,2037.3
155.024994,3.711627,1939.3
154.745331,3.871871,1940.3
155.024994,3.711627,1942.3
155.01944,4.037715,1941.3
154.324997,7.91314,1731.3
154.324997,7.91314,1734.3
155.40834,7.34477,1757.3
155.103195,7.445242,1758.3
155.018967,7.731605,1759.3
155.339386,7.787896,1760.3
155.53833,7.595625,1761.3
155.40834,7.34477,1762.3
154.129486,8.183699,1732.3
154.437851,8.224174,1733.3
154.118149,24.393671,1000.3
157.877625,-8.92406,2794.3
157.533783,-8.954924,2795.3
157.163818,-8.794179,2796.3
156.990219,-8.454006,2797.3
156.79126,-8.135232,2798.3
156.505508,-8.337852,2799.3
157.906113,-8.076756,2806.3
156.345078,-7.977308,2800.3
156.325851,-7.590306,2801.3
156.627151,-7.393434,2802.3
156.939606,-7.641027,2803.3
157.274887,-7.742772,2804.3
157.617294,-7.818766,2805.3
157.801605,-7.674049,2879.3
157.384354,-7.590468,2880.3
156.984207,-7.49931,2881.3
156.662262,-7.210474,2882.3
156.348251,-6.923553,2883.3
156.056091,-7.057101,2884.3
156.125977,-6.591976,2900.3
156.208923,-6.591316,2901.3
156.558594,-6.428093,2902.3
156.92662,-6.629884,2903.3
157.263763,-6.883108,2904.3
157.560104,-7.109721,2905.3
157.923538,-7.269904,2906.3
157.041672,-4.956619,2362.3
156.842957,-4.711254,2363.3
157.165207,-4.667187,2364.3
157.041672,-4.956619,2365.3
157.425003,5.645608,1879.3
157.059814,5.645543,1880.3
157.084686,5.965359,1881.3
157.431107,5.966118,1882.3
157.425003,5.645608,1883.3
157.941666,6.562098,1831.3
157.778275,6.818188,1832.3
157.660294,7.114185,1833.3
157.969513,7.175988,1834.3
157.941666,6.562098,1838.3
159.141663,-30.105024,3637.3
159.141663,-30.105024,3640.3
159.329422,-31.825001,3641.3
159.020752,-31.755623,3642.3
158.926071,-31.410597,3643.3
159.272491,-31.499462,3644.3
159.329422,-31.825001,3645.3
158.845367,-29.941195,3638.3
159.142105,-29.778208,3639.3
158.574997,-20.014072,3339.3
158.574997,-20.014072,3350.3
158.274307,-19.762011,3340.3
158.269424,-19.384558,3341.3
158.433868,-19.017393,3342.3
158.746185,-19.009571,3343.3
159.022018,-19.03853,3344.3
159.135178,-19.320013,3345.3
159.049591,-19.665302,3346.3
158.718353,-19.584354,3347.3
158.556976,-19.453014,3348.3
158.490036,-19.786274,3349.3
159.925171,-11.772964,3029.3
159.77681,-11.432058,3030.3
158.258331,-8.991155,2793.3
158.174896,-8.360058,2807.3
158.38974,-8.666978,2808.3
158.258331,-8.991155,2809.3
159.225006,-9.306048,2821.3
158.909134,-9.208042,2822.3
158.91626,-8.868857,2823.3
159.241333,-8.827207,2824.3
159.473938,-9.084768,2825.3
159.225006,-9.306048,2826.3
159.896851,-9.959612,2868.3
159.543457,-9.7729,2869.3
159.410446,-9.389702,2870.3
159.645523,-9.076725,2871.3
159.892746,-9.101097,2872.3
159.900955,-8.768929,2873.3
159.507431,-8.688736,2874.3
159.210449,-8.408275,2875.3
158.851807,-8.182744,2876.3
158.517395,-7.92273,2877.3
158.160507,-7.693102,2878.3
158.306808,-7.209665,2907.3
158.682434,-7.394248,2908.3
159.04805,-7.600887,2909.3
159.413422,-7.810545,2910.3
159.776169,-7.977623,2911.3
159.425003,-4.755892,2357.3
159.236328,-4.517966,2358.3
159.40535,-4.274342,2359.3
159.655624,-4.532691,2360.3
159.425003,-4.755892,2361.3
159.691666,-5.672635,2386.3
159.306259,-5.63728,2387.3
159.181122,-5.288217,2388.3
159.390854,-5.038087,2389.3
159.525986,-5.295737,2390.3
159.839508,-5.358481,2391.3
159.691666,-5.672635,2392.3
158.278976,7.171128,1835.3
158.512497,6.900307,1836.3
158.304855,6.608296,1837.3
159.774994,6.529312,1839.3
159.596558,6.758409,1840.3
159.898849,6.796349,1841.3
159.774994,6.529312,1842.3
160.641663,-12.022963,3027.3
160.641663,-12.022963,3034.3
160.725006,-10.089908,2866.3
160.32077,-10.033227,2867.3
160.725006,-10.089908,2929.3
161.685394,-10.897954,2978.3
161.360992,-10.656448,2979.3
161.11142,-10.374153,2980.3
161.229538,-10.027022,2981.3
161.601517,-10.086016,2982.3
161.909027,-10.243714,2983.3
161.992493,-10.137602,2984.3
160.274887,-11.93955,3028.3
160.112137,-11.311797,3031.3
160.464417,-11.495336,3032.3
160.788345,-11.723697,3033.3
160.725006,-8.074591,2732.3
160.725006,-8.074591,2735.3
160.135162,-8.144691,2912.3
160.44368,-8.176523,2913.3
160.846222,-8.164382,2914.3
161.122665,-8.49283,2915.3
161.304672,-8.855782,2916.3
161.522217,-9.208105,2917.3
161.739182,-9.551458,2918.3
161.980133,-9.51037,2919.3
161.884125,-9.988378,2921.3
161.713181,-9.834154,2922.3
161.319107,-9.800279,2923.3
161.014725,-9.489791,2924.3
160.678192,-9.209425,2925.3
160.534393,-9.281657,2926.3
160.848053,-9.548546,2927.3
161.057343,-9.86231,2928.3
160.427475,-7.898209,2733.3
160.719299,-7.728412,2734.3
160.791672,6.062544,1857.3
160.498184,6.223432,1858.3
160.788757,6.389656,1859.3
160.791672,6.062544,1860.3
161.058334,9.626155,1649.3
160.742981,9.694221,1650.3
160.784485,9.980894,1651.3
161.094574,9.917837,1652.3
161.058334,9.626155,1653.3
162.199997,-21.208334,3448.3
162.104126,-21.125088,3449.3
162.183258,-20.802931,3450.3
162.476303,-20.97098,3451.3
162.199997,-21.208334,3452.3
163.911835,-20.596731,3504.3
163.690781,-20.253736,3505.3
163.191666,-18.639561,3244.3
162.990295,-18.458063,3245.3
162.888062,-18.448565,3246.3
162.811676,-18.057226,3247.3
162.977432,-18.021233,3248.3
163.200104,-18.284424,3249.3
163.191666,-18.639561,3250.3
163.461502,-19.954355,3506.3
163.194962,-19.640972,3507.3
163.044968,-19.275331,3508.3
163.27121,-19.034229,3509.3
163.259018,-18.808525,3510.3
163.584274,-18.637573,3511.3
163.855072,-18.959217,3512.3
163.999054,-19.331079,3513.3
162.458328,-10.989592,2976.3
162.064484,-11.012406,2977.3
162.239304,-10.358447,2985.3
162.473343,-10.675194,2986.3
162.458328,-10.989592,2987.3
162.824997,-8.522381,2783.3
162.522568,-8.502535,2784.3
162.558762,-8.227162,2785.3
162.861008,-8.247529,2786.3
162.824997,-8.522381,2787.3
162.186829,-9.819989,2920.3
163.008331,5.095651,1902.3
162.735107,5.268781,1903.3
162.94104,5.537082,1904.3
163.203445,5.349983,1905.3
163.008331,5.095651,1906.3
162.34166,11.176558,1554.3
162.13768,11.406652,1555.3
162.129272,11.657125,1556.3
162.410126,11.768871,1557.3
162.537994,11.4406,1558.3
162.34166,11.176558,1559.3
165.834625,-22.131453,3498.3
165.480255,-21.89332,3499.3
165.125671,-21.655926,3500.3
164.761017,-21.440857,3501.3
164.510452,-21.138756,3502.3
164.163559,-20.909382,3503.3
164.645233,-20.093985,3516.3
164.953506,-20.405273,3517.3
165.350266,-20.469864,3518.3
165.589508,-20.74155,3519.3
165.811691,-20.977039,3520.3
164.03299,-19.626148,3514.3
164.363922,-19.810625,3515.3
165.958328,-11.005591,2988.3
165.602875,-10.901092,2989.3
165.670242,-10.531244,2990.3
165.54306,-10.223218,2991.3
165.825684,-10.177456,2993.3
165.958328,-11.005591,3000.3
165.644043,-9.924316,2992.3
165.741669,8.923039,1668.3
165.42128,9.082905,1669.3
165.469849,9.387712,1670.3
165.786957,9.238289,1671.3
165.741669,8.923039,1672.3
165.391663,11.345858,1548.3
165.118164,11.530844,1549.3
165.230621,11.870763,1550.3
165.582321,11.804123,1551.3
165.721146,11.486937,1552.3
165.391663,11.345858,1553.3
165.822891,10.03204,1633.3
165.880157,10.336811,1634.3
167.96167,-47.575001,4244.3
167.640198,-47.458305,4245.3
167.20015,-47.266739,4246.3
167.476532,-46.912773,4247.3
167.287491,-46.669266,4248.3
166.951462,-46.424919,4249.3
166.458679,-46.262768,4250.3
167.96167,-47.575001,4359.3
166.242401,-45.884598,4251.3
166.421967,-45.481976,4252.3
166.728256,-45.116524,4253.3
167.101761,-44.767742,4254.3
167.523468,-44.479259,4255.3
167.889175,-44.16098,4256.3
167.768845,-29.084618,3633.3
167.917755,-28.832682,3634.3
167.125,-23.107649,3494.3
166.74231,-22.990887,3495.3
166.452011,-22.699663,3496.3
166.127792,-22.430557,3497.3
167.228989,-22.208929,3525.3
167.60907,-22.394089,3526.3
167.838623,-22.723797,3527.3
167.692932,-23.008743,3528.3
167.33287,-22.832117,3529.3
167.197113,-22.735783,3530.3
167.125,-23.107649,3531.3
166.524994,-20.872641,3441.3
166.192795,-20.773212,3442.3
166.153351,-20.447737,3443.3
166.439148,-20.227081,3444.3
166.776672,-20.312801,3445.3
166.772888,-20.647532,3446.3
166.524994,-20.872641,3447.3
167.750031,-21.731068,3469.3
167.55545,-21.436472,3470.3
167.174927,-21.27232,3471.3
166.867722,-21.01519,3472.3
166.892365,-20.626768,3473.3
167.276703,-20.512499,3474.3
167.492813,-20.811543,3475.3
167.807129,-20.912106,3476.3
166.052292,-21.22653,3521.3
166.418823,-21.371637,3522.3
166.722366,-21.595968,3523.3
166.982697,-21.86717,3524.3
167.763184,-16.723251,3206.3
167.352859,-16.732819,3207.3
167.195328,-16.358593,3208.3
166.991074,-16.02865,3209.3
167.65834,-14.504705,3110.3
167.277145,-14.44428,3111.3
167.294052,-14.057431,3112.3
167.790146,-14.146861,3120.3
167.65834,-14.504705,3121.3
167.843857,-14.44697,3123.3
166.776733,-15.825626,3210.3
166.519379,-15.51591,3211.3
166.45578,-15.1142,3212.3
166.378891,-14.714135,3213.3
166.651031,-14.460839,3214.3
166.941833,-14.759225,3215.3
167.322891,-14.864626,3216.3
167.400665,-15.269186,3217.3
167.456741,-15.66925,3218.3
167.6698,-15.988199,3219.3
167.856064,-15.638508,3221.3
167.510712,-15.47465,3222.3
167.726151,-15.145313,3223.3
167.878555,-14.873755,3224.3
166.791672,-13.589202,3086.3
166.478928,-13.432216,3087.3
166.379349,-13.060647,3088.3
166.677399,-12.909719,3089.3
166.847992,-13.250316,3090.3
166.791672,-13.589202,3091.3
167.183304,-13.681355,3113.3
167.228104,-13.324105,3114.3
167.496735,-13.157216,3115.3
167.805374,-13.232465,3116.3
167.54512,-13.405563,3117.3
167.825302,-13.510324,3118.3
167.873611,-13.884586,3119.3
167.274994,-10.021859,2861.3
167.274994,-10.021859,2865.3
167.65834,-10.505192,2949.3
167.463425,-10.255651,2950.3
167.796509,-10.217166,2951.3
167.65834,-10.505192,2952.3
166.490295,-10.10839,2995.3
166.431366,-10.455868,2996.3
166.067444,-10.381837,2997.3
166.205704,-10.494842,2998.3
166.286804,-10.82869,2999.3
166.641663,-11.456792,3001.3
166.320389,-11.368757,3002.3
166.419998,-11.048757,3003.3
166.739594,-11.127398,3004.3
166.641663,-11.456792,3005.3
167.074997,-11.856389,3021.3
166.740341,-11.839554,3022.3
166.626617,-11.543242,3023.3
166.912033,-11.394088,3024.3
167.155731,-11.561263,3025.3
167.074997,-11.856389,3026.3
166.955322,-9.884768,2862.3
166.991379,-9.560663,2863.3
167.299042,-9.703186,2864.3
166.124146,-9.977629,2994.3
167.024994,-0.687413,2099.3
166.729645,-0.531107,2100.3
167.016891,-0.355065,2101.3
167.024994,-0.687413,2102.3
167.91275,5.625633,1889.3
166.108337,9.879858,1632.3
166.108337,9.879858,1636.3
166.274994,8.762882,1681.3
166.07843,9.015435,1682.3
166.401352,9.060978,1683.3
166.274994,8.762882,1684.3
167.741669,8.561887,1685.3
167.446182,8.782107,1686.3
167.174606,8.946877,1687.3
166.848816,9.129629,1688.3
166.679184,9.432693,1689.3
167.041122,9.519672,1690.3
167.335266,9.331716,1691.3
167.624786,9.470392,1692.3
167.736984,9.193665,1693.3
167.906097,8.873317,1694.3
167.741669,8.561887,1695.3
167.970627,8.000323,1747.3
167.803665,8.266055,1748.3
166.941666,11.01193,1565.3
166.661026,11.160318,1566.3
166.669724,11.502708,1567.3
166.955139,11.625037,1568.3
167.19339,11.441516,1569.3
167.504623,11.571891,1570.3
167.655289,11.292129,1571.3
167.360611,11.175244,1572.3
167.155289,11.291556,1573.3
166.941666,11.01193,1574.3
166.186798,10.210126,1635.3
166.725006,19.145237,1236.3
166.430054,19.294233,1237.3
166.716385,19.462349,1238.3
166.725006,19.145237,1239.3
169.86734,-46.749557,4351.3
169.454163,-46.791748,4352.3
169.319061,-47.17239,4353.3
169.03334,-47.112961,4354.3
169.174026,-46.841656,4355.3
168.713165,-47.020336,4356.3
168.501358,-47.115475,4357.3
168.164047,-47.44173,4358.3
168.287827,-43.843826,4257.3
168.779831,-43.725063,4258.3
169.235306,-43.491772,4259.3
169.697067,-43.269791,4260.3
168.074997,-29.294445,3632.3
168.156906,-29.039339,3635.3
168.074997,-29.294445,3636.3
168.975006,-22.756065,3490.3
168.793884,-22.524715,3491.3
169.101456,-22.4869,3492.3
168.975006,-22.756065,3493.3
169.958328,-20.405525,3351.3
169.572159,-20.320438,3352.3
169.958328,-20.405525,3355.3
168.141663,-21.806934,3468.3
168.023331,-21.192183,3477.3
168.306213,-21.458879,3478.3
168.141663,-21.806934,3479.3
169.541672,-19.789984,3322.3
169.170242,-19.719101,3323.3
169.026123,-19.362257,3324.3
169.060852,-19.107071,3325.3
168.793076,-18.8561,3326.3
168.902466,-18.499023,3327.3
169.277176,-18.511852,3328.3
169.495422,-18.830301,3329.3
169.41333,-19.159519,3330.3
169.744522,-19.130407,3331.3
169.667496,-19.452417,3332.3
169.541672,-19.789984,3333.3
169.653641,-19.993595,3353.3
168.541672,-17.974277,3201.3
168.134033,-17.906595,3202.3
168.027359,-17.540867,3203.3
168.219345,-17.21785,3204.3
168.029572,-16.894518,3205.3
168.501053,-16.329552,3229.3
168.646973,-16.666082,3230.3
168.823425,-17.022667,3231.3
168.636765,-17.304834,3232.3
168.78743,-17.671721,3233.3
168.541672,-17.974277,3234.3
168.141663,-14.621766,3122.3
168.157837,-14.277118,3124.3
168.141663,-14.621766,3125.3
168.010635,-15.951805,3220.3
168.201645,-14.738745,3225.3
168.370987,-15.119165,3226.3
168.4048,-15.527552,3227.3
168.466522,-15.946854,3228.3
168.941666,-12.438082,3047.3
168.644913,-12.290565,3048.3
168.931244,-12.118182,3049.3
168.941666,-12.438082,3050.3
169.625,-1.003587,2117.3
169.346405,-0.853041,2118.3
169.620712,-0.692245,2119.3
169.625,-1.003587,2120.3
169.675003,5.645961,1872.3
169.352036,5.802374,1873.3
169.870255,5.990577,1877.3
169.675003,5.645961,1878.3
169.125,5.479744,1884.3
168.946945,5.708823,1885.3
169.248749,5.746732,1886.3
169.125,5.479744,1887.3
168.208328,5.446259,1888.3
168.213715,5.786685,1890.3
168.208328,5.446259,1891.3
168.774994,4.429146,1930.3
168.496506,4.547892,1931.3
168.618576,4.803813,1932.3
168.913467,4.681953,1933.3
168.774994,4.429146,1934.3
168.258331,7.595531,1745.3
168.039566,7.818677,1746.3
168.468109,7.860507,1751.3
168.258331,7.595531,1752.3
168.758331,7.129584,1784.3
168.434158,7.268242,1785.3
168.45433,7.589315,1786.3
168.802399,7.67104,1787.3
168.975937,7.936316,1788.3
169.120468,7.667191,1789.3
168.96022,7.380075,1790.3
168.758331,7.129584,1791.3
169.29512,6.125091,1874.3
169.351471,6.45367,1875.3
169.66983,6.309573,1876.3
169.175003,9.646102,1643.3
168.84613,9.830095,1644.3
169.48082,9.818018,1647.3
169.175003,9.646102,1648.3
169.87822,9.109967,1674.3
169.727005,9.428092,1675.3
169.891617,9.68759,1676.3
168.114716,8.330616,1749.3
168.336823,8.134356,1750.3
169.774994,11.028535,1560.3
169.535812,11.185341,1561.3
169.773651,11.391688,1562.3
169.774994,11.028535,1564.3
169.991669,10.063096,1621.3
169.700882,10.202621,1622.3
169.762711,10.515926,1623.3
169.991669,10.063096,1626.3
168.888519,10.200872,1645.3
169.241013,10.105037,1646.3
169.008331,14.446548,1467.3
168.746307,14.63332,1468.3
168.888046,14.899714,1469.3
169.169891,14.71816,1470.3
169.008331,14.446548,1471.3
170.695358,-46.120689,4349.3
170.234085,-46.409092,4350.3
171.816727,-44.750111,4344.3
171.525436,-45.009163,4345.3
171.358002,-45.26741,4346.3
171.209763,-45.475357,4347.3
170.934555,-45.784569,4348.3
170.107574,-42.992477,4261.3
170.463623,-42.676311,4262.3
170.895615,-42.521065,4263.3
171.117935,-42.119793,4264.3
171.275055,-41.707047,4265.3
171.603317,-41.446014,4266.3
171.860275,-41.170998,4267.3
171.946411,-40.770275,4268.3
171.675003,-22.538944,3484.3
171.366913,-22.513657,3485.3
171.197052,-22.272278,3486.3
171.499496,-22.235537,3487.3
171.805771,-22.277546,3488.3
171.675003,-22.538944,3489.3
170.034866,-20.054148,3354.3
170.308334,-19.672602,3318.3
170.029922,-19.526041,3319.3
170.304642,-19.374056,3320.3
170.308334,-19.672602,3321.3
171.922684,5.862727,1866.3
171.191666,7.962484,1713.3
171.191666,7.962484,1721.3
171.758331,6.795681,1804.3
171.428162,6.92155,1805.3
171.077545,6.912739,1806.3
170.862045,7.174407,1807.3
171.103775,7.387673,1808.3
171.44873,7.280406,1809.3
171.7099,7.452425,1810.3
171.985245,7.303736,1811.3
171.758331,6.795681,1813.3
171.571838,6.013332,1867.3
171.65657,6.371156,1868.3
170.058334,8.862622,1673.3
170.267944,9.694015,1677.3
170.387375,9.343032,1678.3
170.156281,9.157638,1679.3
170.058334,8.862622,1680.3
170.97702,8.219534,1714.3
170.87149,8.515846,1715.3
170.688751,8.816156,1716.3
170.864868,9.087713,1717.3
171.227798,8.951895,1718.3
171.386536,8.62405,1719.3
171.320435,8.260384,1720.3
170.037033,11.225284,1563.3
170.875,10.113378,1617.3
170.707504,10.352922,1618.3
171.019867,10.390896,1619.3
170.875,10.113378,1620.3
170.03804,10.621124,1624.3
170.138321,10.307706,1625.3
173.372787,-44.08276,4340.3
173.172821,-44.178837,4341.3
172.724396,-44.353043,4342.3
172.217026,-44.544209,4343.3
173.690781,-42.617397,4333.3
173.607437,-42.880005,4334.3
173.42868,-43.233307,4335.3
173.488831,-43.522026,4336.3
173.723282,-43.39526,4337.3
173.889725,-43.659019,4338.3
173.636658,-43.940018,4339.3
172.342987,-40.453457,4269.3
172.809525,-40.248226,4270.3
173.153702,-40.048763,4271.3
173.260773,-39.858253,4272.3
173.302704,-39.665314,4273.3
173.523773,-39.614704,4274.3
173.571198,-39.45615,4275.3
173.652893,-39.063801,4276.3
173.876663,-38.793926,4277.3
173.912888,-38.46904,4278.3
173.825012,-36.383514,4285.3
173.546356,-36.012852,4286.3
173.207687,-35.683849,4287.3
172.99176,-35.399521,4288.3
172.786392,-35.010883,4289.3
172.533051,-34.680096,4290.3
172.443878,-34.386848,4291.3
172.627106,-34.119827,4292.3
172.607025,-34.080715,4293.3
172.846634,-34.225006,4294.3
173.224396,-34.384319,4295.3
173.411743,-34.595467,4296.3
173.824844,-34.808258,4297.3
173.625,-0.037502,2078.3
173.625,-0.037502,2085.3
173.074997,0.695287,2038.3
172.797333,0.877712,2039.3
172.955826,1.178224,2040.3
172.783585,1.462692,2041.3
172.659714,1.778156,2042.3
173.351547,1.813095,2046.3
173.223724,1.554981,2047.3
173.255127,1.225871,2048.3
173.220261,1.054861,2049.3
173.074997,0.695287,2050.3
173.27977,0.074849,2079.3
173.296539,0.409601,2080.3
173.612244,0.424384,2081.3
173.851761,0.676566,2082.3
173.902802,0.134886,2084.3
172.774994,2.878657,1959.3
172.546432,3.104489,1960.3
172.755569,3.306756,1961.3
172.907806,3.555188,1962.3
173.163406,3.38497,1963.3
173.082932,3.053297,1964.3
172.774994,2.878657,1965.3
172.77005,2.120539,2043.3
173.095993,2.128036,2044.3
173.420181,2.149386,2045.3
172.241669,5.743655,1865.3
172.241669,5.743655,1871.3
172.058365,6.995849,1812.3
172.025742,6.370227,1869.3
172.269974,6.105384,1870.3
174.267944,-42.015354,4331.3
174.038574,-42.310665,4332.3
175.758545,-41.573158,4326.3
175.302094,-41.789711,4327.3
174.916885,-41.615215,4328.3
174.475021,-41.410309,4329.3
174.495041,-41.647873,4330.3
174.089233,-38.096478,4279.3
174.301956,-37.859871,4280.3
174.258652,-37.725891,4281.3
174.246277,-37.317726,4282.3
174.113022,-36.992073,4283.3
174.025681,-36.726437,4284.3
175.674957,-36.152412,4303.3
175.876129,-36.470272,4304.3
174.237457,-35.008461,4298.3
174.530991,-35.247738,4299.3
174.724976,-35.641212,4300.3
174.976608,-35.945889,4301.3
175.361862,-35.871544,4302.3
175.936554,-5.764699,2394.3
175.978394,-5.492546,2395.3
175.65834,-2.087141,2274.3
175.65834,-2.087141,2278.3
175.796646,-2.502813,2296.3
174.475006,-0.971456,2111.3
174.183136,-0.763451,2112.3
174.058914,-0.445577,2113.3
174.395355,-0.400354,2114.3
174.620148,-0.688357,2115.3
174.475006,-0.971456,2116.3
175.817947,-1.413204,2185.3
175.874695,-1.129258,2186.3
175.074997,-1.703773,2203.3
174.777908,-1.509083,2204.3
174.515594,-1.227435,2205.3
174.65715,-0.94714,2206.3
174.937103,-1.188846,2207.3
175.236969,-1.41468,2208.3
175.074997,-1.703773,2209.3
175.389862,-1.951715,2275.3
175.446075,-1.641904,2276.3
175.750443,-1.771902,2277.3
174.10321,0.399272,2083.3
176.993637,-40.256203,4322.3
176.742249,-40.624287,4323.3
176.408264,-40.938004,4324.3
176.140778,-41.294655,4325.3
177.808029,-39.532551,4319.3
177.38942,-39.515011,4320.3
177.178604,-39.854591,4321.3
176.008316,-36.812244,4305.3
176.126114,-37.033604,4306.3
176.307281,-37.28392,4307.3
176.580597,-37.595608,4308.3
177.050095,-37.75835,4309.3
177.520172,-37.62991,4310.3
177.916534,-37.368057,4311.3
177.65834,-18.755997,3251.3
177.440903,-18.478333,3252.3
177.224014,-18.255573,3253.3
177.826935,-18.470997,3285.3
177.65834,-18.755997,3286.3
177.835083,-19.266508,3298.3
177.863586,-18.944483,3299.3
177.04071,-17.904951,3254.3
176.860687,-17.552208,3255.3
176.745071,-17.234247,3256.3
176.934235,-16.944941,3257.3
177.259155,-16.757841,3258.3
177.580475,-16.516176,3259.3
177.945679,-16.522751,3260.3
177.191666,-12.671325,3070.3
176.849167,-12.614295,3071.3
176.924118,-12.296471,3072.3
177.27063,-12.374814,3073.3
177.191666,-12.671325,3074.3
177.358337,-6.271791,2436.3
177.180222,-6.040683,2437.3
177.482742,-6.004192,2438.3
177.358337,-6.271791,2439.3
176.40834,-6.436524,2453.3
176.146759,-6.326846,2454.3
176.289017,-6.082175,2455.3
176.431046,-6.152226,2456.3
176.40834,-6.436524,2457.3
177.241669,-7.387945,2706.3
176.963196,-7.214053,2707.3
177.246979,-7.046848,2708.3
177.241669,-7.387945,2709.3
176.225006,-5.838552,2393.3
176.271713,-5.560544,2396.3
176.225006,-5.838552,2397.3
176.074997,-2.653224,2295.3
176.070572,-2.342192,2297.3
176.074997,-2.653224,2298.3
176.09166,-1.503274,2184.3
176.148438,-1.219899,2187.3
176.09166,-1.503274,2188.3
176.574997,-1.538608,2189.3
176.283005,-1.445022,2190.3
176.32785,-1.16013,2191.3
176.613251,-1.2517,2192.3
176.574997,-1.538608,2193.3
178.554398,-38.196117,4315.3
178.529099,-38.431236,4316.3
178.293594,-38.814163,4317.3
178.158035,-39.20155,4318.3
178.394531,-37.39402,4312.3
178.731628,-37.681694,4313.3
178.70488,-37.810654,4314.3
179.521454,-18.180847,3279.3
179.163422,-18.21063,3280.3
178.823074,-18.146391,3282.3
178.45694,-18.32431,3283.3
178.2164,-18.580776,3284.3
179.975006,-18.804827,3287.3
179.662369,-18.68154,3288.3
179.79657,-18.395239,3289.3
179.975006,-18.804827,3291.3
178.191666,-19.321941,3297.3
178.199554,-18.777733,3300.3
178.523315,-18.60611,3301.3
178.691833,-18.873104,3302.3
178.542999,-19.187,3303.3
178.191666,-19.321941,3304.3
179.858337,-19.33779,3305.3
179.566528,-19.263369,3306.3
179.654938,-18.965874,3307.3
179.937973,-19.055485,3308.3
179.858337,-19.33779,3309.3
178.329712,-16.355194,3261.3
178.750656,-16.296509,3262.3
179.011887,-16.056648,3263.3
179.369278,-16.115757,3264.3
179.731659,-16.001402,3265.3
179.974747,-17.172394,3270.3
179.691315,-16.940662,3271.3
179.280685,-16.995325,3272.3
179.540009,-17.094244,3273.3
179.555099,-17.478111,3274.3
179.210983,-17.476011,3275.3
179.14003,-17.440926,3276.3
179.306488,-17.612104,3277.3
179.604996,-17.808245,3278.3
178.986404,-17.868475,3281.3
179.876434,-15.820646,3127.3
179.981339,-15.545203,3128.3
178.391663,-8.220198,2741.3
178.131256,-8.022994,2742.3
178.391663,-8.220198,2745.3
179.175003,-8.704183,2788.3
178.912781,-8.516988,2789.3
179.078339,-8.266316,2790.3
179.353561,-8.462136,2791.3
179.175003,-8.704183,2792.3
179.875,-9.60363,2834.3
179.645813,-9.415724,2835.3
179.807693,-9.179346,2836.3
179.875,-9.60363,2838.3
178.774994,-7.637073,2723.3
178.480469,-7.476798,2724.3
178.759781,-7.313338,2725.3
178.774994,-7.637073,2726.3
178.349823,-7.754682,2743.3
178.617828,-7.956379,2744.3
180.104843,-18.4928,3290.3
181.141663,-17.490583,3180.3
180.802719,-17.444132,3181.3
180.71637,-17.086546,3182.3
180.885513,-16.977552,3183.3
181.174301,-16.992195,3184.3
181.298111,-17.196711,3185.3
181.141663,-17.490583,3186.3
180.192261,-16.293179,3267.3
180.274368,-16.574495,3268.3
180.306458,-16.90703,3269.3
180.191666,-15.889563,3126.3
180.272141,-15.679396,3129.3
180.191666,-15.889563,3130.3
180.140289,-15.977374,3266.3
180.03714,-9.367508,2837.3
183.90834,-44.50806,4219.3
183.541702,-44.332504,4220.3
183.208252,-44.238838,4221.3
183.90834,-44.50806,4231.3
182.951401,-43.901379,4222.3
182.738556,-43.649288,4223.3
182.842148,-43.411964,4224.3
183.340652,-43.442478,4225.3
183.590103,-43.558361,4226.3
183.941605,-43.731464,4227.3
184.0849,-44.144344,4229.3
184.154343,-44.263157,4230.3
184.104568,-43.910789,4228.3
185.058334,-21.445124,3453.3
184.675903,-21.358639,3454.3
184.477478,-21.041365,3455.3
184.829163,-20.928614,3456.3
185.033218,-20.837051,3457.3
185.123917,-21.08881,3458.3
185.058334,-21.445124,3459.3
185.791672,-19.375055,3310.3
185.832306,-19.012915,3311.3
185.748795,-18.847466,3312.3
185.796005,-18.505976,3313.3
185.991058,-19.054806,3316.3
185.791672,-19.375055,3317.3
186.159927,-18.428308,3314.3
186.223129,-18.782261,3315.3
187.898331,-14.089214,3094.3
187.553192,-13.971403,3095.3
187.211639,-13.787818,3096.3
187.029297,-13.460052,3097.3
187.353775,-13.317218,3098.3
187.74559,-13.263745,3099.3
187.989594,-13.58007,3100.3
189.897354,-19.159708,3293.3
188.65834,-14.205333,3092.3
188.274475,-14.221137,3093.3
188.65834,-14.205333,3103.3
189.308334,-14.504363,3104.3
189.010483,-14.407443,3105.3
189.107925,-14.112979,3106.3
189.447159,-14.067959,3107.3
189.601837,-14.329635,3108.3
189.308334,-14.504363,3109.3
188.34082,-13.677425,3101.3
188.698318,-13.852809,3102.3
190.241669,-19.287008,3292.3
190.033539,-18.804825,3294.3
190.370285,-18.941874,3295.3
190.241669,-19.287008,3296.3
199.808334,21.61223,1105.3
199.576721,21.856789,1106.3
199.808334,21.61223,1114.3
199.810333,22.174555,1107.3
200.805283,21.858881,1111.3
200.456436,21.696733,1112.3
200.090149,21.873816,1113.3
201.769638,21.167206,1151.3
201.544815,21.524733,1152.3
201.800919,21.781769,1153.3
200.136383,22.283146,1108.3
200.509872,22.422001,1109.3
200.854568,22.237785,1110.3
202.90834,1.561221,2023.3
202.529007,1.624028,2024.3
202.261581,1.888374,2025.3
202.932648,1.915126,2027.3
202.90834,1.561221,2028.3
202.571716,2.060601,2026.3
203.916916,19.246231,1253.3
203.786636,19.634602,1254.3
203.508331,20.362232,1145.3
203.125916,20.458986,1146.3
202.84639,20.688675,1147.3
202.578964,20.955046,1148.3
202.252747,20.926273,1149.3
202.182999,21.075739,1150.3
202.187729,21.809847,1154.3
202.448318,21.483627,1155.3
202.492188,21.12961,1156.3
202.77002,21.406954,1157.3
203.179398,21.37159,1158.3
203.538589,21.174349,1159.3
203.928802,21.0357,1160.3
203.930756,20.460751,1162.3
203.508331,20.362232,1163.3
203.928848,20.007349,1255.3
203.997101,20.395948,1256.3
204.441666,18.780058,1251.3
204.045837,18.874958,1252.3
205.09021,19.890247,1259.3
205.339386,19.567686,1260.3
205.144928,19.216181,1261.3
204.744049,19.063137,1262.3
204.441666,18.780058,1263.3
204.206451,20.743879,1161.3
204.395874,20.353148,1257.3
204.792404,20.187315,1258.3
208.558334,-17.087448,3160.3
208.342117,-16.854914,3161.3
208.227112,-16.560123,3162.3
208.422424,-16.39456,3163.3
208.735931,-16.539431,3164.3
208.825699,-16.870308,3165.3
208.558334,-17.087448,3166.3
209.945236,-17.629944,3238.3
210.941666,-18.021189,3235.3
210.941666,-18.021189,3243.3
210.578293,-17.959507,3236.3
210.249939,-17.796476,3237.3
210.04892,-17.328604,3239.3
210.41449,-17.338467,3240.3
210.781723,-17.401564,3241.3
211.021225,-17.683668,3242.3
219.925003,-9.105695,2815.3
219.611649,-9.005388,2816.3
219.626633,-8.660494,2817.3
219.9832,-8.620433,2818.3
219.925003,-9.105695,2820.3
219.717163,-9.496654,2840.3
219.818863,-9.184107,2841.3
220.925003,-10.041333,2855.3
220.925003,-10.041333,2860.3
220.59166,-9.08793,2810.3
220.254471,-9.05128,2811.3
220.293747,-8.725032,2812.3
220.631058,-8.768119,2813.3
220.59166,-9.08793,2814.3
220.165497,-8.88497,2819.3
220.024994,-9.621142,2839.3
220.138199,-9.295608,2842.3
220.024994,-9.621142,2843.3
220.662292,-9.766813,2856.3
220.955368,-9.514012,2857.3
221.336349,-9.623574,2858.3
221.224014,-9.957364,2859.3
235.740265,39.960579,5080.3
237.958694,36.19249,5069.3
237.844528,36.600742,5070.3
237.686127,36.865372,5071.3
237.360977,37.208309,5072.3
237.11821,37.49789,5073.3
236.772003,37.777718,5074.3
236.800919,38.126949,5075.3
236.542343,38.441044,5076.3
236.168701,38.764854,5077.3
236.04184,39.16378,5078.3
236.025238,39.592655,5079.3
239.947083,33.725071,5059.3
239.575241,33.948357,5060.3
239.586853,34.131947,5061.3
239.968979,34.23489,5062.3
239.614685,34.27549,5063.3
239.20575,34.461639,5064.3
239.154907,34.878521,5065.3
238.925522,35.217243,5066.3
238.617859,35.51622,5067.3
238.314102,35.870319,5068.3
241.808334,28.728661,881.3
241.529022,28.877085,882.3
241.462143,29.224518,883.3
241.792252,29.370209,884.3
241.954178,29.052048,885.3
241.808334,28.728661,886.3
241.806519,33.475906,5049.3
241.703842,33.126537,5050.3
241.802612,32.912872,5051.3
241.554337,32.63031,5052.3
241.231339,32.936954,5053.3
241.336609,33.28186,5054.3
241.325974,33.640491,5055.3
241.224167,33.84206,5056.3
240.763947,33.953693,5057.3
240.421539,33.810764,5058.3
243.991409,30.173941,5039.3
243.759262,30.510052,5040.3
243.521576,30.845989,5041.3
243.383865,31.232929,5042.3
243.126404,31.584791,5043.3
242.943024,31.959732,5044.3
242.736923,32.331181,5045.3
242.558762,32.683296,5046.3
242.457687,33.093189,5047.3
242.095459,33.388649,5048.3
245.709595,26.95849,5023.3
245.342743,27.168539,5024.3
245.060867,27.459291,5025.3
244.758331,27.770426,5026.3
244.463684,28.06967,5027.3
244.604019,28.470438,5028.3
244.974915,28.425026,5029.3
245.154526,28.234461,5030.3
245.438675,28.432604,5031.3
245.429764,28.659431,5032.3
245.199219,28.745779,5033.3
245.027176,28.827894,5034.3
244.806946,29.114574,5035.3
244.554794,29.233141,5036.3
244.362152,29.445303,5037.3
244.108932,29.797705,5038.3
245.938828,30.91431,4976.3
245.758148,31.117905,4977.3
245.738663,30.723732,4978.3
245.732437,30.345751,4979.3
245.674957,30.058273,4980.3
247.755096,24.578913,5013.3
247.638168,24.928869,5014.3
247.571381,25.281876,5015.3
247.469788,25.629044,5016.3
247.227768,25.77668,5017.3
247.647339,27.756899,4989.3
247.92363,27.423071,4990.3
247.147751,26.001015,5018.3
246.7379,26.187948,5019.3
246.353546,26.250275,5020.3
246.285675,26.501583,5021.3
246.006943,26.724337,5022.3
247.9758,28.341698,4966.3
247.746017,28.579411,4967.3
247.324768,28.725716,4968.3
247.310699,29.127104,4969.3
247.27919,29.437601,4970.3
247.113083,29.78574,4971.3
246.042465,29.790083,4981.3
246.382935,29.724594,4982.3
246.774536,29.530693,4983.3
247.007767,29.201683,4984.3
247.036011,28.813778,4985.3
247.123138,28.644375,4986.3
247.307785,28.485924,4987.3
247.392624,28.073774,4988.3
246.883286,30.078712,4972.3
246.763077,30.40852,4973.3
246.461243,30.516109,4974.3
246.112,30.641502,4975.3
249.15834,18.578806,1269.3
248.802322,18.668211,1270.3
248.888641,19.001505,1271.3
249.221161,18.913755,1272.3
249.15834,18.578806,1273.3
249.958771,22.711416,5006.3
249.701172,23.049416,5007.3
249.528137,23.438738,5008.3
249.155914,23.67753,5009.3
248.807297,23.976273,5010.3
249.05809,25.858845,4995.3
249.141052,25.55146,4996.3
249.308167,25.277079,4997.3
249.61734,24.997471,4998.3
249.776428,24.672798,4999.3
248.420471,24.187429,5011.3
248.029922,24.275036,5012.3
249.916809,26.757414,4960.3
249.595642,27.055132,4961.3
249.308578,27.411274,4962.3
249.090973,27.659742,4963.3
248.692108,27.874743,4964.3
248.206787,27.122972,4991.3
248.541275,26.840498,4992.3
248.734909,26.464449,4993.3
248.987869,26.241096,4994.3
248.366867,28.161734,4965.3
250.675003,-27.337902,3627.3
250.361755,-27.183271,3628.3
250.592682,-26.87883,3629.3
250.923752,-27.076389,3630.3
250.675003,-27.337902,3631.3
250.456131,23.864347,5002.3
250.723007,23.554329,5003.3
250.706085,23.131834,5004.3
250.368652,22.842592,5005.3
251.878082,24.440077,4950.3
251.648285,24.771812,4951.3
251.441757,25.026913,4952.3
251.032898,25.069681,4953.3
250.741257,25.354733,4954.3
250.442368,25.62541,4955.3
250.308151,25.984549,4956.3
250.045395,24.527643,5000.3
250.34996,24.266188,5001.3
250.135941,26.303427,4957.3
250.453201,26.20138,4958.3
250.288544,26.49752,4959.3
253.691666,21.354919,1115.3
253.511383,21.394386,1116.3
253.171677,21.581818,1117.3
253.335419,21.883564,1118.3
253.658005,21.668755,1119.3
253.691666,21.354919,1120.3
253.714203,21.683996,4938.3
253.674042,22.002501,4939.3
253.737198,22.356201,4940.3
253.900848,22.349297,4941.3
253.741318,22.538706,4942.3
253.692108,22.857176,4943.3
253.404037,23.1122,4944.3
253.132889,23.407841,4945.3
252.882126,23.567978,4946.3
252.604416,23.840693,4947.3
252.318069,23.996271,4948.3
252.00502,24.174084,4949.3
255.948746,18.685669,4927.3
255.558243,18.87661,4928.3
255.165192,19.059299,4929.3
254.809753,19.305977,4930.3
254.526306,19.641272,4931.3
254.292542,20.005672,4932.3
254.127365,20.396725,4933.3
254.295609,20.666292,4934.3
254.394516,20.977728,4935.3
254.420029,21.34429,4936.3
254.058853,21.536009,4937.3
257.812378,17.742563,4922.3
257.392273,17.858995,4923.3
256.978973,17.992805,4924.3
256.553528,18.099039,4925.3
256.259979,18.4002,4926.3
259.674103,16.842844,4917.3
259.263458,16.976681,4918.3
258.852173,17.110302,4919.3
258.501984,17.360262,4920.3
258.168793,17.626883,4921.3
261.977692,15.922883,4911.3
261.591248,16.07551,4912.3
261.213287,16.219521,4913.3
260.884094,16.417078,4914.3
260.455902,16.509834,4915.3
260.044128,16.640448,4916.3
263.617035,15.50253,4907.3
263.197723,15.543947,4908.3
262.804413,15.710012,4909.3
262.373993,15.793337,4910.3
263.724945,19.900221,8123.3
263.870636,19.507217,8124.3
262.836548,21.630379,8118.3
262.97229,21.230671,8119.3
263.125214,20.818966,8120.3
263.409058,20.539877,8121.3
263.458313,20.252159,8122.3
262.627441,23.698238,8113.3
262.548065,23.257305,8114.3
262.575775,22.859987,8115.3
262.537384,22.450708,8116.3
262.655029,22.027668,8117.3
263.504333,25.664961,8108.3
263.294861,25.263071,8109.3
263.083801,24.86681,8110.3
262.841888,24.513636,8111.3
262.758392,24.120981,8112.3
263.859314,27.65048,8103.3
263.546234,27.328903,8104.3
263.391541,26.925632,8105.3
263.562042,26.520069,8106.3
263.623718,26.093641,8107.3
265.678925,15.74179,4902.3
265.27713,15.950397,4903.3
264.825897,15.932012,4904.3
264.431458,15.759209,4905.3
264.028534,15.613747,4906.3
264.202332,19.220181,8125.3
264.52243,18.91901,8126.3
264.962677,18.837114,8127.3
265.356995,18.651518,8128.3
265.771301,18.550886,8129.3
264.785645,27.905497,8101.3
264.346985,27.741304,8102.3
265.956451,28.622986,8098.3
265.584412,28.350971,8099.3
265.215027,28.07493,8100.3
267.798187,14.057938,4895.3
267.441956,14.235127,4896.3
267.151764,14.566543,4897.3
266.793243,14.834404,4898.3
266.470032,15.153643,4899.3
266.29184,15.406548,4900.3
266.068909,15.50351,4901.3
266.175781,18.678516,8130.3
266.515137,18.846685,8131.3
266.94632,18.964415,8132.3
267.309326,19.216406,8133.3
267.340027,19.389154,8134.3
267.661652,19.523293,8135.3
267.904572,19.6917,8136.3
267.755737,28.544161,8094.3
267.302917,28.591549,8095.3
266.851135,28.7082,8096.3
266.415955,28.724865,8097.3
268.924988,-1.189082,2131.3
268.515137,-1.170795,2132.3
268.328857,-0.839459,2133.3
268.24823,-0.577523,2134.3
268.214874,-0.188393,2135.3
269.537476,-0.106441,2140.3
269.846405,-0.281679,2141.3
269.994354,-0.655366,2142.3
269.918091,-0.843303,2143.3
269.527344,-0.958454,2144.3
269.291199,-1.004474,2145.3
268.924988,-1.189082,2146.3
269.658325,-1.507013,2179.3
269.327942,-1.394174,2180.3
269.456238,-1.058615,2181.3
269.800751,-1.184236,2182.3
269.658325,-1.507013,2183.3
269.658325,0.142504,2064.3
269.314148,0.205123,2065.3
269.385437,0.533253,2066.3
269.719452,0.461673,2067.3
269.658325,0.142504,2068.3
268.317963,0.164113,2136.3
268.678253,0.334694,2137.3
268.955078,0.043069,2138.3
269.159851,0.022043,2139.3
269.813995,13.519583,4888.3
269.542114,13.662963,4889.3
269.156708,13.741696,4890.3
268.974091,13.419397,4891.3
268.770264,13.523332,4892.3
268.441162,13.678798,4893.3
268.115784,13.795912,4894.3
268.291107,19.857885,8137.3
268.458191,20.247248,8138.3
268.50824,20.655727,8139.3
268.608215,21.070688,8140.3
268.764679,21.464806,8141.3
269.046173,21.81291,8142.3
269.424133,22.040905,8143.3
269.83847,22.191767,8144.3
269.964264,28.675529,8088.3
269.978699,28.386024,8089.3
269.565125,28.224972,8090.3
269.089478,28.224957,8091.3
268.605469,28.241627,8092.3
268.184143,28.415789,8093.3
152.583328,42.616665,21401.4
158.343338,46.487499,21402.4
152.130554,30.553888,21413.4
178.218338,48.953335,21414.4
171.914993,50.166668,21415.4
163.328339,48.121666,21416.4
148.759995,38.669998,21418.4
155.698334,44.398335,21419.4
91.701111,3.798056,23217.4
88.5,9.998889,23218.4
88.99778,13.499722,23219.4
89.333336,14.433333,23220.4
89.48333,17.333334,23223.4
67.333336,20.200001,23226.4
88.791946,6.254722,23227.4
65.346664,20.798611,23228.4
88.536942,8.904722,23401.4
278.234711,-1.135833,32066.4
278.738342,0.641111,32067.4
286.570557,-20.472778,32401.4
286.016937,-26.743334,32402.4
287.96582,-23.15361,32403.4
269.149994,4.995,32411.4
273.670013,-17.98,32412.4
266.523346,-7.393333,32413.4
280.898346,2.998333,32489.4
284.754456,-35.740555,34420.4
292.662781,23.5,41420.4
296.111938,23.409445,41421.4
287.296661,33.013332,41424.4
291.782776,15.252222,42407.4
270.735291,25.8675,42409.4
253.002777,16.025555,43412.4
259.863342,10.841666,43413.4
309.970001,37.591667,44401.4
289.340546,39.298054,44402.4
195.928894,51.02,46402.4
203.053329,52.665001,46403.4
231.263611,45.856945,46404.4
231.168335,42.681667,46407.4
190.111664,49.668335,46408.4
211.491394,55.293056,46409.4
216.20166,57.650002,46410.4
232.918335,39.333332,46411.4
239.424438,32.46389,46412.4
185.773056,47.99889,46413.4
230.380554,48.796112,46419.4
203.454437,19.553333,51407.4
183.696671,-9.516666,51425.4
191.615005,-23.110001,51426.4
155.754166,19.260834,52401.4
154.038605,11.868611,52402.4
145.51973,4.019722,52403.4
132.348328,20.782499,52404.4
132.183609,12.985278,52405.4
164.977219,-5.306667,52406.4
186.976944,-33.010555,54401.4
158.452774,-15.664166,55012.4
160.256104,-46.829723,55015.4
153.537216,-14.714723,55023.4
161.84111,-44.897778,55042.4
109.943886,-14.016111,56001.4
117.941666,-15.023334,56003.4
